X,Y,SUM(Correlation)
Age,Age,1
Age,CAD,0.0018528292304525857
Age,UsedRv,0.015862327537852317
Age,Balance,0.015907074583963374
Age,Product,-0.09050564466034902
Age,TotOsNF,0.0013353414873362164
Age,AdhocAmt,-0.0003370299025216539
Age,InttRate,0.006480751937326195
Age,InttType,0.02249007538023211
Age,TotalAdv,0.005281979207510777
Age,CURQTRINT,0.024114052999106253
Age,GLProduct,-0.10035061684956918
Age,PRVQTRINT,0.0325174198824468
Age,RvPrimary,-0.001961959701940122
Age,Unsecured,0.0006142690921940715
Age,CoverGovGur,-0.001549246368177525
Age,DepValPlant,-0.0016198857572115146
Age,ACCTotalProv,0.002959836205479967
Age,BaselCatMark,0.0035197754793451345
Age,CURRENTLIMIT,0.020381025757659384
Age,CurQtrCredit,0.004374927139245914
Age,DRAWINGPOWER,0.0016306289500982
Age,PREQTRCREDIT,-0.00018140495234938352
Age,UnAdjSubSidy,-0.0019263802885087725
Age,UnappliedInt,0.0027066244910085037
Age,ProvUnsecured,-0.005278583474930401
Age,TotalWriteOff,0.0028996441021236783
Age,AppropriatedRv,-0.0017440004845484095
Age,OrgCostOfEquip,-0.012609761939544939
Age,TotLimitFunded,0.0155114155085163
Age,Cust_AssetClass,0.006605977590618675
Age,LimitSanctioned,0.01707809679380336
Age,PriCashSecurity,-0.0014299204325177708
Age,CollCashSecurity,0.0005433614613983613
Age,CollNonCRMSecurity,-0.000056443348608760465
Age,NextOneYrFacStatus,-0.007144482009073156
Age,OrgCostOfPlantMech,-0.001926913765416485
CAD,Age,0.0018528292304525857
CAD,CAD,1
CAD,UsedRv,0.37081520117696254
CAD,Balance,0.37244128940686755
CAD,Product,0.003236427069306386
CAD,TotOsNF,-0.00006958450032229057
CAD,AdhocAmt,-0.00006839185907684712
CAD,InttRate,0.026839154223467162
CAD,InttType,-0.00033334638321128805
CAD,TotalAdv,0.6770409061060826
CAD,CURQTRINT,0.0005573929891267981
CAD,GLProduct,-0.00048613785530209075
CAD,PRVQTRINT,0.03313894639674649
CAD,RvPrimary,0.011023084007862805
CAD,Unsecured,0.02944908083334635
CAD,CoverGovGur,0.0013745690599774594
CAD,DepValPlant,-0.00003119987727316338
CAD,ACCTotalProv,0.8055896861512964
CAD,BaselCatMark,0.059346061737268106
CAD,CURRENTLIMIT,0.26606634319347755
CAD,CurQtrCredit,0.0006715342800939408
CAD,DRAWINGPOWER,0.000044966258276238086
CAD,PREQTRCREDIT,-0.000037839685800559565
CAD,UnAdjSubSidy,-0.00003126022639102378
CAD,UnappliedInt,0.0040750612705225285
CAD,ProvUnsecured,0.033966954037760726
CAD,TotalWriteOff,0.00020300693203051674
CAD,AppropriatedRv,0.0032214859614796065
CAD,OrgCostOfEquip,0.005620258612744616
CAD,TotLimitFunded,0.2295421322655047
CAD,Cust_AssetClass,0.05779341581086596
CAD,LimitSanctioned,0.2988221960700059
CAD,PriCashSecurity,-0.00003086921374665122
CAD,CollCashSecurity,0.0006071709774219016
CAD,CollNonCRMSecurity,0.00021021407169242968
CAD,NextOneYrFacStatus,0.049720770331668475
CAD,OrgCostOfPlantMech,0.001516542926323798
UsedRv,Age,0.015862327537852317
UsedRv,CAD,0.37081520117696254
UsedRv,UsedRv,1
UsedRv,Balance,0.9863642394845118
UsedRv,Product,0.02682746011748659
UsedRv,TotOsNF,0.007621088174218325
UsedRv,AdhocAmt,0.030626991559713584
UsedRv,InttRate,0.08898903717137967
UsedRv,InttType,0.018968854743075175
UsedRv,TotalAdv,0.7845840312599219
UsedRv,CURQTRINT,0.7007539254924199
UsedRv,GLProduct,0.007305058613780525
UsedRv,PRVQTRINT,0.5959395581991915
UsedRv,RvPrimary,0.014521884168222749
UsedRv,Unsecured,-0.0068745409155616735
UsedRv,CoverGovGur,-0.000348663374272653
UsedRv,DepValPlant,0.005590533089257038
UsedRv,ACCTotalProv,0.47370460909900797
UsedRv,BaselCatMark,-0.0062695309908046715
UsedRv,CURRENTLIMIT,0.9466886116394239
UsedRv,CurQtrCredit,0.12909227953231914
UsedRv,DRAWINGPOWER,-0.00024065664715431284
UsedRv,PREQTRCREDIT,0.005170877199495364
UsedRv,UnAdjSubSidy,-0.00037341633386467257
UsedRv,UnappliedInt,0.0036560891685344485
UsedRv,ProvUnsecured,0.014175372635539665
UsedRv,TotalWriteOff,0.0017121072053210371
UsedRv,AppropriatedRv,0.008999162416700512
UsedRv,OrgCostOfEquip,0.012061952822787943
UsedRv,TotLimitFunded,0.8288939690647132
UsedRv,Cust_AssetClass,-0.012529256297667041
UsedRv,LimitSanctioned,0.9534190619792943
UsedRv,PriCashSecurity,0.0012882134573301393
UsedRv,CollCashSecurity,0.004344848344449448
UsedRv,CollNonCRMSecurity,0.001310109164152385
UsedRv,NextOneYrFacStatus,-0.006847607838988575
UsedRv,OrgCostOfPlantMech,0.008179752526565396
Balance,Age,0.015907074583963374
Balance,CAD,0.37244128940686755
Balance,UsedRv,0.9863642394845118
Balance,Balance,1
Balance,Product,0.027440931785675738
Balance,TotOsNF,0.00965435343933233
Balance,AdhocAmt,0.033535849768271085
Balance,InttRate,0.09423028255498621
Balance,InttType,0.019137812541605136
Balance,TotalAdv,0.791792032628895
Balance,CURQTRINT,0.695532392993169
Balance,GLProduct,0.006926628346588512
Balance,PRVQTRINT,0.5924155456010602
Balance,RvPrimary,0.014544098725890964
Balance,Unsecured,0.10159699580866619
Balance,CoverGovGur,0.0005740567741453581
Balance,DepValPlant,0.005598018435497614
Balance,ACCTotalProv,0.47846604791251934
Balance,BaselCatMark,-0.007283203346607231
Balance,CURRENTLIMIT,0.9552595279801179
Balance,CurQtrCredit,0.1327182984069597
Balance,DRAWINGPOWER,-0.0002595368232887453
Balance,PREQTRCREDIT,0.005266885867512361
Balance,UnAdjSubSidy,0.00030928307715841224
Balance,UnappliedInt,0.002639941424100087
Balance,ProvUnsecured,0.03215553181837266
Balance,TotalWriteOff,0.000021887614649008674
Balance,AppropriatedRv,0.008687579445676307
Balance,OrgCostOfEquip,0.013974142220706474
Balance,TotLimitFunded,0.838985150874152
Balance,Cust_AssetClass,-0.014140357921764329
Balance,LimitSanctioned,0.9574804435716183
Balance,PriCashSecurity,0.0013595876111119588
Balance,CollCashSecurity,0.0052128493974067346
Balance,CollNonCRMSecurity,0.0012970655015724008
Balance,NextOneYrFacStatus,-0.008602021697965654
Balance,OrgCostOfPlantMech,0.008773469530932339
Product,Age,-0.09050564466034902
Product,CAD,0.003236427069306386
Product,UsedRv,0.02682746011748659
Product,Balance,0.027440931785675738
Product,Product,1
Product,TotOsNF,0.001439851172781233
Product,AdhocAmt,0.00760189808601148
Product,InttRate,0.2553241990991788
Product,InttType,0.3855236054694282
Product,TotalAdv,0.03017867139653221
Product,CURQTRINT,0.011205171436593988
Product,GLProduct,0.7997912065690546
Product,PRVQTRINT,0.0016180418794367218
Product,RvPrimary,-0.0010482177967679116
Product,Unsecured,0.0012761111148497813
Product,CoverGovGur,0.0028710568252650324
Product,DepValPlant,0.0017896965566732465
Product,ACCTotalProv,0.008990548797239173
Product,BaselCatMark,0.025161878167703138
Product,CURRENTLIMIT,0.047271861876096166
Product,CurQtrCredit,0.029814170879649948
Product,DRAWINGPOWER,0.005414304560017688
Product,PREQTRCREDIT,0.00010363522379312904
Product,UnAdjSubSidy,-0.0002100420669619168
Product,UnappliedInt,0.013291902900980203
Product,ProvUnsecured,0.022413703605291588
Product,TotalWriteOff,0.008988714368262433
Product,AppropriatedRv,-0.001433316921566536
Product,OrgCostOfEquip,0.05437268153781642
Product,TotLimitFunded,0.05001377328147904
Product,Cust_AssetClass,0.01858888494452447
Product,LimitSanctioned,0.043394767261937174
Product,PriCashSecurity,0.0015297849708665002
Product,CollCashSecurity,0.01237303240713818
Product,CollNonCRMSecurity,-0.0010100299457205207
Product,NextOneYrFacStatus,0.031516669732266474
Product,OrgCostOfPlantMech,0.015774657630319516
TotOsNF,Age,0.0013353414873362164
TotOsNF,CAD,-0.00006958450032229057
TotOsNF,UsedRv,0.007621088174218325
TotOsNF,Balance,0.00965435343933233
TotOsNF,Product,0.001439851172781233
TotOsNF,TotOsNF,1
TotOsNF,AdhocAmt,0.002517405507093456
TotOsNF,InttRate,0.006348304519301696
TotOsNF,InttType,0.0019299742991826779
TotOsNF,TotalAdv,0.07289257990596276
TotOsNF,CURQTRINT,0.009941507034304735
TotOsNF,GLProduct,-0.0007577402433160817
TotOsNF,PRVQTRINT,0.008526816040176886
TotOsNF,RvPrimary,0.00023893691264811876
TotOsNF,Unsecured,-0.00044747261805137085
TotOsNF,CoverGovGur,-0.000006698385442601994
TotOsNF,DepValPlant,0.0011602785389787874
TotOsNF,ACCTotalProv,0.0008702392819095856
TotOsNF,BaselCatMark,-0.0011446932843197533
TotOsNF,CURRENTLIMIT,0.01807783575972132
TotOsNF,CurQtrCredit,0.0808757891691492
TotOsNF,DRAWINGPOWER,-0.000004505776917466928
TotOsNF,PREQTRCREDIT,0.0014615732439352493
TotOsNF,UnAdjSubSidy,-0.000007983708720529793
TotOsNF,UnappliedInt,-0.000025289842045589175
TotOsNF,ProvUnsecured,-0.00011867188165794334
TotOsNF,TotalWriteOff,-0.00001766272106041399
TotOsNF,AppropriatedRv,0.00044918762319150733
TotOsNF,OrgCostOfEquip,0.060281173948731774
TotOsNF,TotLimitFunded,0.016936262963564066
TotOsNF,Cust_AssetClass,-0.0008689100532548379
TotOsNF,LimitSanctioned,0.012151325568007472
TotOsNF,PriCashSecurity,0.00002293527980440152
TotOsNF,CollCashSecurity,-0.000013971606999832356
TotOsNF,CollNonCRMSecurity,0.0012584015503217195
TotOsNF,NextOneYrFacStatus,-0.0012995668089383558
TotOsNF,OrgCostOfPlantMech,0.050042781442011276
AdhocAmt,Age,-0.0003370299025216539
AdhocAmt,CAD,-0.00006839185907684712
AdhocAmt,UsedRv,0.030626991559713584
AdhocAmt,Balance,0.033535849768271085
AdhocAmt,Product,0.00760189808601148
AdhocAmt,TotOsNF,0.002517405507093456
AdhocAmt,AdhocAmt,1
AdhocAmt,InttRate,0.008968917826501974
AdhocAmt,InttType,0.006538396169798965
AdhocAmt,TotalAdv,0.01657839777114879
AdhocAmt,CURQTRINT,0.030770287073117797
AdhocAmt,GLProduct,0.0005775482845939359
AdhocAmt,PRVQTRINT,0.0224795270488463
AdhocAmt,RvPrimary,0.0001347453389898334
AdhocAmt,Unsecured,-0.00044927930931355054
AdhocAmt,CoverGovGur,-0.000006583578686516009
AdhocAmt,DepValPlant,-0.000019364912321155213
AdhocAmt,ACCTotalProv,0.000735153758384397
AdhocAmt,BaselCatMark,0.0022185766532157782
AdhocAmt,CURRENTLIMIT,0.030269936227552054
AdhocAmt,CurQtrCredit,0.024430020193335875
AdhocAmt,DRAWINGPOWER,-0.0000043715686787696775
AdhocAmt,PREQTRCREDIT,0.0007196196022387613
AdhocAmt,UnAdjSubSidy,-0.000007846872208544976
AdhocAmt,UnappliedInt,-0.00002484635361416642
AdhocAmt,ProvUnsecured,-0.00011672744348873998
AdhocAmt,TotalWriteOff,-0.000017359991436086553
AdhocAmt,AppropriatedRv,0.0001449759464691138
AdhocAmt,OrgCostOfEquip,0.0011119592152716436
AdhocAmt,TotLimitFunded,0.027890369116939026
AdhocAmt,Cust_AssetClass,-0.0008553286230994064
AdhocAmt,LimitSanctioned,0.02583223500680066
AdhocAmt,PriCashSecurity,0.00007604127718479943
AdhocAmt,CollCashSecurity,0.00009180395925581211
AdhocAmt,CollNonCRMSecurity,0.00008058999674950529
AdhocAmt,NextOneYrFacStatus,0.0006517587317765026
AdhocAmt,OrgCostOfPlantMech,0.0024876412477458547
InttRate,Age,0.006480751937326195
InttRate,CAD,0.026839154223467162
InttRate,UsedRv,0.08898903717137967
InttRate,Balance,0.09423028255498621
InttRate,Product,0.2553241990991788
InttRate,TotOsNF,0.006348304519301696
InttRate,AdhocAmt,0.008968917826501974
InttRate,InttRate,1
InttRate,InttType,0.25057531184921855
InttRate,TotalAdv,0.06486927581261616
InttRate,CURQTRINT,0.10247502844650101
InttRate,GLProduct,0.15950914450358
InttRate,PRVQTRINT,0.12426529849692614
InttRate,RvPrimary,0.0011588066475002197
InttRate,Unsecured,0.05662830216054078
InttRate,CoverGovGur,0.003751101144620796
InttRate,DepValPlant,0.004493113303343599
InttRate,ACCTotalProv,0.06956182519538044
InttRate,BaselCatMark,0.1897241345517503
InttRate,CURRENTLIMIT,0.1048653696174225
InttRate,CurQtrCredit,0.025826451297467194
InttRate,DRAWINGPOWER,0.004509726586249723
InttRate,PREQTRCREDIT,0.0010116811688205252
InttRate,UnAdjSubSidy,0.00360701000066165
InttRate,UnappliedInt,0.025621465012302416
InttRate,ProvUnsecured,0.0435387038826993
InttRate,TotalWriteOff,0.012980105461364487
InttRate,AppropriatedRv,0.0006059867068555117
InttRate,OrgCostOfEquip,0.03659353562266448
InttRate,TotLimitFunded,0.12043836971715537
InttRate,Cust_AssetClass,0.17197781344860566
InttRate,LimitSanctioned,0.08982414711724424
InttRate,PriCashSecurity,0.0014033238809269643
InttRate,CollCashSecurity,0.009375518405373597
InttRate,CollNonCRMSecurity,0.001865094627431358
InttRate,NextOneYrFacStatus,0.1807399425535505
InttRate,OrgCostOfPlantMech,0.018437382709563084
InttType,Age,0.02249007538023211
InttType,CAD,-0.00033334638321128805
InttType,UsedRv,0.018968854743075175
InttType,Balance,0.019137812541605136
InttType,Product,0.3855236054694282
InttType,TotOsNF,0.0019299742991826779
InttType,AdhocAmt,0.006538396169798965
InttType,InttRate,0.25057531184921855
InttType,InttType,1
InttType,TotalAdv,0.015650271037382504
InttType,CURQTRINT,0.009406546859160635
InttType,GLProduct,0.10127692138820515
InttType,PRVQTRINT,0.006865115672832054
InttType,RvPrimary,-0.00004493382576283122
InttType,Unsecured,-0.006280882656321681
InttType,CoverGovGur,-0.00034738812169542827
InttType,DepValPlant,-0.0009078885768333405
InttType,ACCTotalProv,0.005748503085883864
InttType,BaselCatMark,-0.01086051635380276
InttType,CURRENTLIMIT,0.04565346931104692
InttType,CurQtrCredit,0.02193447812918935
InttType,DRAWINGPOWER,-0.0002428429512493722
InttType,PREQTRCREDIT,0.0005715604960868374
InttType,UnAdjSubSidy,-0.00040607384317224666
InttType,UnappliedInt,0.042347340501714785
InttType,ProvUnsecured,0.017744700754117874
InttType,TotalWriteOff,0.026447523697233896
InttType,AppropriatedRv,-0.00016473850123032975
InttType,OrgCostOfEquip,0.01884865313947454
InttType,TotLimitFunded,0.048297316641367764
InttType,Cust_AssetClass,0.008545071711689032
InttType,LimitSanctioned,0.03726731370033025
InttType,PriCashSecurity,0.0018914762929445107
InttType,CollCashSecurity,0.0036931900901244854
InttType,CollNonCRMSecurity,-0.0009876838985597442
InttType,NextOneYrFacStatus,-0.022590595209259955
InttType,OrgCostOfPlantMech,0.009926675789349144
TotalAdv,Age,0.005281979207510777
TotalAdv,CAD,0.6770409061060826
TotalAdv,UsedRv,0.7845840312599219
TotalAdv,Balance,0.791792032628895
TotalAdv,Product,0.03017867139653221
TotalAdv,TotOsNF,0.07289257990596276
TotalAdv,AdhocAmt,0.01657839777114879
TotalAdv,InttRate,0.06486927581261616
TotalAdv,InttType,0.015650271037382504
TotalAdv,TotalAdv,1
TotalAdv,CURQTRINT,0.36036150795917954
TotalAdv,GLProduct,0.00736054422819286
TotalAdv,PRVQTRINT,0.3632270185889412
TotalAdv,RvPrimary,0.017651386906537052
TotalAdv,Unsecured,0.0530331034363445
TotalAdv,CoverGovGur,0.00019684573284652846
TotalAdv,DepValPlant,0.005414019149938384
TotalAdv,ACCTotalProv,0.7534331155499215
TotalAdv,BaselCatMark,0.0049240127421739145
TotalAdv,CURRENTLIMIT,0.6996140831638948
TotalAdv,CurQtrCredit,0.08484778258830168
TotalAdv,DRAWINGPOWER,-0.00016337074921784475
TotalAdv,PREQTRCREDIT,0.0031049108713954933
TotalAdv,UnAdjSubSidy,0.00010131179030767953
TotalAdv,UnappliedInt,0.0016210141174060227
TotalAdv,ProvUnsecured,0.01832249076498554
TotalAdv,TotalWriteOff,-0.00008075237685511648
TotalAdv,AppropriatedRv,0.006723081846935882
TotalAdv,OrgCostOfEquip,0.014713188060891575
TotalAdv,TotLimitFunded,0.6860775772240254
TotalAdv,Cust_AssetClass,-0.0014813635432816925
TotalAdv,LimitSanctioned,0.7202268524449659
TotalAdv,PriCashSecurity,0.0008694597424728197
TotalAdv,CollCashSecurity,0.0029488707093109725
TotalAdv,CollNonCRMSecurity,0.0007645190027183406
TotalAdv,NextOneYrFacStatus,0.006194383031931543
TotalAdv,OrgCostOfPlantMech,0.013388547889600378
CURQTRINT,Age,0.024114052999106253
CURQTRINT,CAD,0.0005573929891267981
CURQTRINT,UsedRv,0.7007539254924199
CURQTRINT,Balance,0.695532392993169
CURQTRINT,Product,0.011205171436593988
CURQTRINT,TotOsNF,0.009941507034304735
CURQTRINT,AdhocAmt,0.030770287073117797
CURQTRINT,InttRate,0.10247502844650101
CURQTRINT,InttType,0.009406546859160635
CURQTRINT,TotalAdv,0.36036150795917954
CURQTRINT,CURQTRINT,1
CURQTRINT,GLProduct,-0.0017790719008840238
CURQTRINT,PRVQTRINT,0.726126086086725
CURQTRINT,RvPrimary,0.0090563202195905
CURQTRINT,Unsecured,0.030643159615616866
CURQTRINT,CoverGovGur,-0.00043682348513195655
CURQTRINT,DepValPlant,0.012845729516267786
CURQTRINT,ACCTotalProv,0.06937730292289424
CURQTRINT,BaselCatMark,-0.035895045620735984
CURQTRINT,CURRENTLIMIT,0.7133713204335597
CURQTRINT,CurQtrCredit,0.20629097639464036
CURQTRINT,DRAWINGPOWER,-0.0003019329526626336
CURQTRINT,PREQTRCREDIT,0.008780474712171894
CURQTRINT,UnAdjSubSidy,0.0010963051277668833
CURQTRINT,UnappliedInt,-0.0016479519844465264
CURQTRINT,ProvUnsecured,-0.001570905509559346
CURQTRINT,TotalWriteOff,-0.0004260453324317457
CURQTRINT,AppropriatedRv,0.007900145518734308
CURQTRINT,OrgCostOfEquip,0.009836411962731372
CURQTRINT,TotLimitFunded,0.6395930102899833
CURQTRINT,Cust_AssetClass,-0.036299032394355696
CURQTRINT,LimitSanctioned,0.7045313007159318
CURQTRINT,PriCashSecurity,0.000968210563112692
CURQTRINT,CollCashSecurity,0.004757395635424213
CURQTRINT,CollNonCRMSecurity,0.0009470700458578671
CURQTRINT,NextOneYrFacStatus,-0.031199203044030916
CURQTRINT,OrgCostOfPlantMech,0.007074575986692743
GLProduct,Age,-0.10035061684956918
GLProduct,CAD,-0.00048613785530209075
GLProduct,UsedRv,0.007305058613780525
GLProduct,Balance,0.006926628346588512
GLProduct,Product,0.7997912065690546
GLProduct,TotOsNF,-0.0007577402433160817
GLProduct,AdhocAmt,0.0005775482845939359
GLProduct,InttRate,0.15950914450358
GLProduct,InttType,0.10127692138820515
GLProduct,TotalAdv,0.00736054422819286
GLProduct,CURQTRINT,-0.0017790719008840238
GLProduct,GLProduct,1
GLProduct,PRVQTRINT,-0.00992688610795039
GLProduct,RvPrimary,-0.0005423277764516093
GLProduct,Unsecured,-0.007729949943631037
GLProduct,CoverGovGur,0.0037880461895887676
GLProduct,DepValPlant,0.00013811978899117206
GLProduct,ACCTotalProv,-0.0009021035447583866
GLProduct,BaselCatMark,0.03217755136917724
GLProduct,CURRENTLIMIT,0.01599694881902053
GLProduct,CurQtrCredit,0.006341721649331829
GLProduct,DRAWINGPOWER,0.00037908220769807585
GLProduct,PREQTRCREDIT,0.00010129074816153099
GLProduct,UnAdjSubSidy,-0.0003590653285273054
GLProduct,UnappliedInt,0.0012627082687402334
GLProduct,ProvUnsecured,0.006812743603211471
GLProduct,TotalWriteOff,0.0016205233577694898
GLProduct,AppropriatedRv,-0.0007251556294356454
GLProduct,OrgCostOfEquip,0.03327893955685666
GLProduct,TotLimitFunded,0.012606274274888125
GLProduct,Cust_AssetClass,0.014437012780200686
GLProduct,LimitSanctioned,0.016113414392267534
GLProduct,PriCashSecurity,0.00030039312982223736
GLProduct,CollCashSecurity,0.0016325326483123408
GLProduct,CollNonCRMSecurity,-0.0009365651864800088
GLProduct,NextOneYrFacStatus,0.049383884509267006
GLProduct,OrgCostOfPlantMech,0.004797652016314858
PRVQTRINT,Age,0.0325174198824468
PRVQTRINT,CAD,0.03313894639674649
PRVQTRINT,UsedRv,0.5959395581991915
PRVQTRINT,Balance,0.5924155456010602
PRVQTRINT,Product,0.0016180418794367218
PRVQTRINT,TotOsNF,0.008526816040176886
PRVQTRINT,AdhocAmt,0.0224795270488463
PRVQTRINT,InttRate,0.12426529849692614
PRVQTRINT,InttType,0.006865115672832054
PRVQTRINT,TotalAdv,0.3632270185889412
PRVQTRINT,CURQTRINT,0.726126086086725
PRVQTRINT,GLProduct,-0.00992688610795039
PRVQTRINT,PRVQTRINT,1
PRVQTRINT,RvPrimary,0.007413739831231525
PRVQTRINT,Unsecured,0.03352514452997786
PRVQTRINT,CoverGovGur,-0.0004218883476254313
PRVQTRINT,DepValPlant,0.005703111933176043
PRVQTRINT,ACCTotalProv,0.1423666146852963
PRVQTRINT,BaselCatMark,0.011550305861908885
PRVQTRINT,CURRENTLIMIT,0.5942669111430947
PRVQTRINT,CurQtrCredit,0.1723421509946308
PRVQTRINT,DRAWINGPOWER,-0.00029442912213471697
PRVQTRINT,PREQTRCREDIT,0.011725045088471947
PRVQTRINT,UnAdjSubSidy,0.0004485974985223539
PRVQTRINT,UnappliedInt,0.013911328639138389
PRVQTRINT,ProvUnsecured,0.016374796765974926
PRVQTRINT,TotalWriteOff,-0.0006337545736840912
PRVQTRINT,AppropriatedRv,0.005792492666297638
PRVQTRINT,OrgCostOfEquip,0.006370544083096572
PRVQTRINT,TotLimitFunded,0.5341891904438031
PRVQTRINT,Cust_AssetClass,0.018734728916636384
PRVQTRINT,LimitSanctioned,0.5950856483400063
PRVQTRINT,PriCashSecurity,0.0004132902056511663
PRVQTRINT,CollCashSecurity,0.0037850993947997394
PRVQTRINT,CollNonCRMSecurity,0.001402311594626911
PRVQTRINT,NextOneYrFacStatus,0.015068724850161783
PRVQTRINT,OrgCostOfPlantMech,0.004685104401476207
RvPrimary,Age,-0.001961959701940122
RvPrimary,CAD,0.011023084007862805
RvPrimary,UsedRv,0.014521884168222749
RvPrimary,Balance,0.014544098725890964
RvPrimary,Product,-0.0010482177967679116
RvPrimary,TotOsNF,0.00023893691264811876
RvPrimary,AdhocAmt,0.0001347453389898334
RvPrimary,InttRate,0.0011588066475002197
RvPrimary,InttType,-0.00004493382576283122
RvPrimary,TotalAdv,0.017651386906537052
RvPrimary,CURQTRINT,0.0090563202195905
RvPrimary,GLProduct,-0.0005423277764516093
RvPrimary,PRVQTRINT,0.007413739831231525
RvPrimary,RvPrimary,1
RvPrimary,Unsecured,0.0016929071518233274
RvPrimary,CoverGovGur,-0.000014909069046663207
RvPrimary,DepValPlant,0.00004668414622743487
RvPrimary,ACCTotalProv,0.013053651846546072
RvPrimary,BaselCatMark,0.0008826063277577387
RvPrimary,CURRENTLIMIT,0.0132237255179511
RvPrimary,CurQtrCredit,0.0018028599560483615
RvPrimary,DRAWINGPOWER,-0.000010332166080076851
RvPrimary,PREQTRCREDIT,0.00007454664949147337
RvPrimary,UnAdjSubSidy,-0.000014811263347725646
RvPrimary,UnappliedInt,-0.00002877518883680525
RvPrimary,ProvUnsecured,-0.0001492386058145941
RvPrimary,TotalWriteOff,-0.000029855625523139967
RvPrimary,AppropriatedRv,0.9207042329110718
RvPrimary,OrgCostOfEquip,0.00004222163870502936
RvPrimary,TotLimitFunded,0.01503403764546409
RvPrimary,Cust_AssetClass,-0.0005024927213531644
RvPrimary,LimitSanctioned,0.013854879388103794
RvPrimary,PriCashSecurity,0.09563795769302776
RvPrimary,CollCashSecurity,0.000024994303350283916
RvPrimary,CollNonCRMSecurity,-0.00002263515677625834
RvPrimary,NextOneYrFacStatus,0.0007262853952078614
RvPrimary,OrgCostOfPlantMech,0.000060005880944120825
Unsecured,Age,0.0006142690921940715
Unsecured,CAD,0.02944908083334635
Unsecured,UsedRv,-0.0068745409155616735
Unsecured,Balance,0.10159699580866619
Unsecured,Product,0.0012761111148497813
Unsecured,TotOsNF,-0.00044747261805137085
Unsecured,AdhocAmt,-0.00044927930931355054
Unsecured,InttRate,0.05662830216054078
Unsecured,InttType,-0.006280882656321681
Unsecured,TotalAdv,0.0530331034363445
Unsecured,CURQTRINT,0.030643159615616866
Unsecured,GLProduct,-0.007729949943631037
Unsecured,PRVQTRINT,0.03352514452997786
Unsecured,RvPrimary,0.0016929071518233274
Unsecured,Unsecured,1
Unsecured,CoverGovGur,0.001856352445359831
Unsecured,DepValPlant,-0.000110708006583332
Unsecured,ACCTotalProv,0.11638458799513539
Unsecured,BaselCatMark,0.015665002802054535
Unsecured,CURRENTLIMIT,0.10477732192395459
Unsecured,CurQtrCredit,0.012145913821632544
Unsecured,DRAWINGPOWER,-0.00019371317835708418
Unsecured,PREQTRCREDIT,0.0003190023271459155
Unsecured,UnAdjSubSidy,-0.00031073979517915715
Unsecured,UnappliedInt,0.013765713931659875
Unsecured,ProvUnsecured,0.37961089229789724
Unsecured,TotalWriteOff,0.007341312040254882
Unsecured,AppropriatedRv,-0.0010066747935756695
Unsecured,OrgCostOfEquip,0.004791104597349017
Unsecured,TotLimitFunded,0.10355167375425896
Unsecured,Cust_AssetClass,0.01645138232307386
Unsecured,LimitSanctioned,0.09270297251508193
Unsecured,PriCashSecurity,-0.0001314799049123237
Unsecured,CollCashSecurity,-0.0006433470618719172
Unsecured,CollNonCRMSecurity,-0.00048136547987603304
Unsecured,NextOneYrFacStatus,0.005732338773295496
Unsecured,OrgCostOfPlantMech,0.0069492165738915986
CoverGovGur,Age,-0.001549246368177525
CoverGovGur,CAD,0.0013745690599774594
CoverGovGur,UsedRv,-0.000348663374272653
CoverGovGur,Balance,0.0005740567741453581
CoverGovGur,Product,0.0028710568252650324
CoverGovGur,TotOsNF,-0.000006698385442601994
CoverGovGur,AdhocAmt,-0.000006583578686516009
CoverGovGur,InttRate,0.003751101144620796
CoverGovGur,InttType,-0.00034738812169542827
CoverGovGur,TotalAdv,0.00019684573284652846
CoverGovGur,CURQTRINT,-0.00043682348513195655
CoverGovGur,GLProduct,0.0037880461895887676
CoverGovGur,PRVQTRINT,-0.0004218883476254313
CoverGovGur,RvPrimary,-0.000014909069046663207
CoverGovGur,Unsecured,0.001856352445359831
CoverGovGur,CoverGovGur,1
CoverGovGur,DepValPlant,-0.000011913751363437753
CoverGovGur,ACCTotalProv,0.0010036367102048182
CoverGovGur,BaselCatMark,0.004119005894386805
CoverGovGur,CURRENTLIMIT,0.0005314028841446629
CoverGovGur,CurQtrCredit,-0.00010168413199047005
CoverGovGur,DRAWINGPOWER,-0.000002838766250341936
CoverGovGur,PREQTRCREDIT,-0.00000784495428845963
CoverGovGur,UnAdjSubSidy,-0.0000048275810870111316
CoverGovGur,UnappliedInt,-0.000015286151094317405
CoverGovGur,ProvUnsecured,0.00564351729849898
CoverGovGur,TotalWriteOff,-0.000010680276688679692
CoverGovGur,AppropriatedRv,-0.00001550986739926453
CoverGovGur,OrgCostOfEquip,-0.0000482321037470495
CoverGovGur,TotLimitFunded,0.0002496948195382674
CoverGovGur,Cust_AssetClass,0.003156725587262096
CoverGovGur,LimitSanctioned,0.0005234021110724859
CoverGovGur,PriCashSecurity,-0.0000033470020571465694
CoverGovGur,CollCashSecurity,-0.000011815896841374888
CoverGovGur,CollNonCRMSecurity,-0.000013286841438493724
CoverGovGur,NextOneYrFacStatus,0.004935079123504326
CoverGovGur,OrgCostOfPlantMech,0.003693530549000298
DepValPlant,Age,-0.0016198857572115146
DepValPlant,CAD,-0.00003119987727316338
DepValPlant,UsedRv,0.005590533089257038
DepValPlant,Balance,0.005598018435497614
DepValPlant,Product,0.0017896965566732465
DepValPlant,TotOsNF,0.0011602785389787874
DepValPlant,AdhocAmt,-0.000019364912321155213
DepValPlant,InttRate,0.004493113303343599
DepValPlant,InttType,-0.0009078885768333405
DepValPlant,TotalAdv,0.005414019149938384
DepValPlant,CURQTRINT,0.012845729516267786
DepValPlant,GLProduct,0.00013811978899117206
DepValPlant,PRVQTRINT,0.005703111933176043
DepValPlant,RvPrimary,0.00004668414622743487
DepValPlant,Unsecured,-0.000110708006583332
DepValPlant,CoverGovGur,-0.000011913751363437753
DepValPlant,DepValPlant,1
DepValPlant,ACCTotalProv,0.00010004274010437347
DepValPlant,BaselCatMark,-0.0004923861506570138
DepValPlant,CURRENTLIMIT,0.01685709756583399
DepValPlant,CurQtrCredit,0.02852851061132305
DepValPlant,DRAWINGPOWER,-0.000008278047293033452
DepValPlant,PREQTRCREDIT,0.0009495134621418652
DepValPlant,UnAdjSubSidy,0.000049334237118844124
DepValPlant,UnappliedInt,-0.00004495356385044437
DepValPlant,ProvUnsecured,-0.00018350517947716567
DepValPlant,TotalWriteOff,-0.00003141492362877514
DepValPlant,AppropriatedRv,0.000004125913356563257
DepValPlant,OrgCostOfEquip,0.00032408825915788915
DepValPlant,TotLimitFunded,0.02775178824127562
DepValPlant,Cust_AssetClass,-0.0005059812741742175
DepValPlant,LimitSanctioned,0.014304687573865129
DepValPlant,PriCashSecurity,-0.000009676725289091003
DepValPlant,CollCashSecurity,-0.00003475523225642709
DepValPlant,CollNonCRMSecurity,-0.00003261509645089042
DepValPlant,NextOneYrFacStatus,-0.0002905541552092713
DepValPlant,OrgCostOfPlantMech,0.07156701172751917
ACCTotalProv,Age,0.002959836205479967
ACCTotalProv,CAD,0.8055896861512964
ACCTotalProv,UsedRv,0.47370460909900797
ACCTotalProv,Balance,0.47846604791251934
ACCTotalProv,Product,0.008990548797239173
ACCTotalProv,TotOsNF,0.0008702392819095856
ACCTotalProv,AdhocAmt,0.000735153758384397
ACCTotalProv,InttRate,0.06956182519538044
ACCTotalProv,InttType,0.005748503085883864
ACCTotalProv,TotalAdv,0.7534331155499215
ACCTotalProv,CURQTRINT,0.06937730292289424
ACCTotalProv,GLProduct,-0.0009021035447583866
ACCTotalProv,PRVQTRINT,0.1423666146852963
ACCTotalProv,RvPrimary,0.013053651846546072
ACCTotalProv,Unsecured,0.11638458799513539
ACCTotalProv,CoverGovGur,0.0010036367102048182
ACCTotalProv,DepValPlant,0.00010004274010437347
ACCTotalProv,ACCTotalProv,1
ACCTotalProv,BaselCatMark,0.14275522831753307
ACCTotalProv,CURRENTLIMIT,0.36866231109797726
ACCTotalProv,CurQtrCredit,0.007579998698241866
ACCTotalProv,DRAWINGPOWER,0.00018670341680419433
ACCTotalProv,PREQTRCREDIT,0.0005620979524920627
ACCTotalProv,UnAdjSubSidy,-0.00011564684080688193
ACCTotalProv,UnappliedInt,0.043606442673157046
ACCTotalProv,ProvUnsecured,0.24672747902306633
ACCTotalProv,TotalWriteOff,0.016307158472536113
ACCTotalProv,AppropriatedRv,0.004153611739823658
ACCTotalProv,OrgCostOfEquip,0.008341257645609244
ACCTotalProv,TotLimitFunded,0.33541545175922627
ACCTotalProv,Cust_AssetClass,0.14475106997699036
ACCTotalProv,LimitSanctioned,0.3992328305734527
ACCTotalProv,PriCashSecurity,-0.000020143255446455814
ACCTotalProv,CollCashSecurity,0.001083298648386389
ACCTotalProv,CollNonCRMSecurity,0.0004524125607581069
ACCTotalProv,NextOneYrFacStatus,0.12826404144684556
ACCTotalProv,OrgCostOfPlantMech,0.0028310473602520133
BaselCatMark,Age,0.0035197754793451345
BaselCatMark,CAD,0.059346061737268106
BaselCatMark,UsedRv,-0.0062695309908046715
BaselCatMark,Balance,-0.007283203346607231
BaselCatMark,Product,0.025161878167703138
BaselCatMark,TotOsNF,-0.0011446932843197533
BaselCatMark,AdhocAmt,0.0022185766532157782
BaselCatMark,InttRate,0.1897241345517503
BaselCatMark,InttType,-0.01086051635380276
BaselCatMark,TotalAdv,0.0049240127421739145
BaselCatMark,CURQTRINT,-0.035895045620735984
BaselCatMark,GLProduct,0.03217755136917724
BaselCatMark,PRVQTRINT,0.011550305861908885
BaselCatMark,RvPrimary,0.0008826063277577387
BaselCatMark,Unsecured,0.015665002802054535
BaselCatMark,CoverGovGur,0.004119005894386805
BaselCatMark,DepValPlant,-0.0004923861506570138
BaselCatMark,ACCTotalProv,0.14275522831753307
BaselCatMark,BaselCatMark,1
BaselCatMark,CURRENTLIMIT,-0.01808484069584907
BaselCatMark,CurQtrCredit,-0.025064173666336943
BaselCatMark,DRAWINGPOWER,0.004017636316870147
BaselCatMark,PREQTRCREDIT,-0.0009904572951218917
BaselCatMark,UnAdjSubSidy,-0.0006223003352760997
BaselCatMark,UnappliedInt,0.021566908838419965
BaselCatMark,ProvUnsecured,0.08719400675458179
BaselCatMark,TotalWriteOff,0.009519846202041823
BaselCatMark,AppropriatedRv,-0.0001308824679307868
BaselCatMark,OrgCostOfEquip,0.008597034614451013
BaselCatMark,TotLimitFunded,-0.003456599724856817
BaselCatMark,Cust_AssetClass,0.7382585314159409
BaselCatMark,LimitSanctioned,-0.012222316979377703
BaselCatMark,PriCashSecurity,-0.0005647172215673366
BaselCatMark,CollCashSecurity,0.0038290186930587484
BaselCatMark,CollNonCRMSecurity,-0.0006268655710452823
BaselCatMark,NextOneYrFacStatus,0.7870743895371418
BaselCatMark,OrgCostOfPlantMech,0.0038844867680822583
CURRENTLIMIT,Age,0.020381025757659384
CURRENTLIMIT,CAD,0.26606634319347755
CURRENTLIMIT,UsedRv,0.9466886116394239
CURRENTLIMIT,Balance,0.9552595279801179
CURRENTLIMIT,Product,0.047271861876096166
CURRENTLIMIT,TotOsNF,0.01807783575972132
CURRENTLIMIT,AdhocAmt,0.030269936227552054
CURRENTLIMIT,InttRate,0.1048653696174225
CURRENTLIMIT,InttType,0.04565346931104692
CURRENTLIMIT,TotalAdv,0.6996140831638948
CURRENTLIMIT,CURQTRINT,0.7133713204335597
CURRENTLIMIT,GLProduct,0.01599694881902053
CURRENTLIMIT,PRVQTRINT,0.5942669111430947
CURRENTLIMIT,RvPrimary,0.0132237255179511
CURRENTLIMIT,Unsecured,0.10477732192395459
CURRENTLIMIT,CoverGovGur,0.0005314028841446629
CURRENTLIMIT,DepValPlant,0.01685709756583399
CURRENTLIMIT,ACCTotalProv,0.36866231109797726
CURRENTLIMIT,BaselCatMark,-0.01808484069584907
CURRENTLIMIT,CURRENTLIMIT,1
CURRENTLIMIT,CurQtrCredit,0.1872711541710968
CURRENTLIMIT,DRAWINGPOWER,-0.00029452330935128226
CURRENTLIMIT,PREQTRCREDIT,0.0069163213071347426
CURRENTLIMIT,UnAdjSubSidy,0.0002546400500781649
CURRENTLIMIT,UnappliedInt,0.004319942627927941
CURRENTLIMIT,ProvUnsecured,0.030303893937683273
CURRENTLIMIT,TotalWriteOff,0.0011922536840299417
CURRENTLIMIT,AppropriatedRv,0.0084934450115726
CURRENTLIMIT,OrgCostOfEquip,0.01898879301101332
CURRENTLIMIT,TotLimitFunded,0.8728665669117461
CURRENTLIMIT,Cust_AssetClass,-0.02162420384571767
CURRENTLIMIT,LimitSanctioned,0.9774212703270141
CURRENTLIMIT,PriCashSecurity,0.0018132077622316737
CURRENTLIMIT,CollCashSecurity,0.006439781555525011
CURRENTLIMIT,CollNonCRMSecurity,0.0013658087669583881
CURRENTLIMIT,NextOneYrFacStatus,-0.021246443208321242
CURRENTLIMIT,OrgCostOfPlantMech,0.01128391473033456
CurQtrCredit,Age,0.004374927139245914
CurQtrCredit,CAD,0.0006715342800939408
CurQtrCredit,UsedRv,0.12909227953231914
CurQtrCredit,Balance,0.1327182984069597
CurQtrCredit,Product,0.029814170879649948
CurQtrCredit,TotOsNF,0.0808757891691492
CurQtrCredit,AdhocAmt,0.024430020193335875
CurQtrCredit,InttRate,0.025826451297467194
CurQtrCredit,InttType,0.02193447812918935
CurQtrCredit,TotalAdv,0.08484778258830168
CurQtrCredit,CURQTRINT,0.20629097639464036
CurQtrCredit,GLProduct,0.006341721649331829
CurQtrCredit,PRVQTRINT,0.1723421509946308
CurQtrCredit,RvPrimary,0.0018028599560483615
CurQtrCredit,Unsecured,0.012145913821632544
CurQtrCredit,CoverGovGur,-0.00010168413199047005
CurQtrCredit,DepValPlant,0.02852851061132305
CurQtrCredit,ACCTotalProv,0.007579998698241866
CurQtrCredit,BaselCatMark,-0.025064173666336943
CurQtrCredit,CURRENTLIMIT,0.1872711541710968
CurQtrCredit,CurQtrCredit,1
CurQtrCredit,DRAWINGPOWER,-0.00011157079128337964
CurQtrCredit,PREQTRCREDIT,0.047082922621174146
CurQtrCredit,UnAdjSubSidy,0.0004261147545795028
CurQtrCredit,UnappliedInt,-0.0005910793970324235
CurQtrCredit,ProvUnsecured,-0.0021033544429580856
CurQtrCredit,TotalWriteOff,0.00003519280669839198
CurQtrCredit,AppropriatedRv,0.001550894382240814
CurQtrCredit,OrgCostOfEquip,0.019086361170775324
CurQtrCredit,TotLimitFunded,0.17052614490420548
CurQtrCredit,Cust_AssetClass,-0.019204779860618738
CurQtrCredit,LimitSanctioned,0.19707733694658916
CurQtrCredit,PriCashSecurity,0.0005989106803862092
CurQtrCredit,CollCashSecurity,0.013391124851423974
CurQtrCredit,CollNonCRMSecurity,0.0003850231130873496
CurQtrCredit,NextOneYrFacStatus,-0.028506264758277996
CurQtrCredit,OrgCostOfPlantMech,0.016809200929797423
DRAWINGPOWER,Age,0.0016306289500982
DRAWINGPOWER,CAD,0.000044966258276238086
DRAWINGPOWER,UsedRv,-0.00024065664715431284
DRAWINGPOWER,Balance,-0.0002595368232887453
DRAWINGPOWER,Product,0.005414304560017688
DRAWINGPOWER,TotOsNF,-0.000004505776917466928
DRAWINGPOWER,AdhocAmt,-0.0000043715686787696775
DRAWINGPOWER,InttRate,0.004509726586249723
DRAWINGPOWER,InttType,-0.0002428429512493722
DRAWINGPOWER,TotalAdv,-0.00016337074921784475
DRAWINGPOWER,CURQTRINT,-0.0003019329526626336
DRAWINGPOWER,GLProduct,0.00037908220769807585
DRAWINGPOWER,PRVQTRINT,-0.00029442912213471697
DRAWINGPOWER,RvPrimary,-0.000010332166080076851
DRAWINGPOWER,Unsecured,-0.00019371317835708418
DRAWINGPOWER,CoverGovGur,-0.000002838766250341936
DRAWINGPOWER,DepValPlant,-0.000008278047293033452
DRAWINGPOWER,ACCTotalProv,0.00018670341680419433
DRAWINGPOWER,BaselCatMark,0.004017636316870147
DRAWINGPOWER,CURRENTLIMIT,-0.00029452330935128226
DRAWINGPOWER,CurQtrCredit,-0.00011157079128337964
DRAWINGPOWER,DRAWINGPOWER,1
DRAWINGPOWER,PREQTRCREDIT,-0.000005774130990734523
DRAWINGPOWER,UnAdjSubSidy,-0.000003377374394638652
DRAWINGPOWER,UnappliedInt,-0.000010690075086041488
DRAWINGPOWER,ProvUnsecured,-0.000050153303753202054
DRAWINGPOWER,TotalWriteOff,-0.000007475591267125219
DRAWINGPOWER,AppropriatedRv,-0.000010783515622077627
DRAWINGPOWER,OrgCostOfEquip,0.0001128731444610295
DRAWINGPOWER,TotLimitFunded,-0.00033589064128088406
DRAWINGPOWER,Cust_AssetClass,0.004426722849933287
DRAWINGPOWER,LimitSanctioned,-0.00023488541018645956
DRAWINGPOWER,PriCashSecurity,-0.0000023283211523564364
DRAWINGPOWER,CollCashSecurity,-0.000008219006691562308
DRAWINGPOWER,CollNonCRMSecurity,-0.000009291440657619624
DRAWINGPOWER,NextOneYrFacStatus,0.0034881903987185976
DRAWINGPOWER,OrgCostOfPlantMech,-0.000019348080049962625
PREQTRCREDIT,Age,-0.00018140495234938352
PREQTRCREDIT,CAD,-0.000037839685800559565
PREQTRCREDIT,UsedRv,0.005170877199495364
PREQTRCREDIT,Balance,0.005266885867512361
PREQTRCREDIT,Product,0.00010363522379312904
PREQTRCREDIT,TotOsNF,0.0014615732439352493
PREQTRCREDIT,AdhocAmt,0.0007196196022387613
PREQTRCREDIT,InttRate,0.0010116811688205252
PREQTRCREDIT,InttType,0.0005715604960868374
PREQTRCREDIT,TotalAdv,0.0031049108713954933
PREQTRCREDIT,CURQTRINT,0.008780474712171894
PREQTRCREDIT,GLProduct,0.00010129074816153099
PREQTRCREDIT,PRVQTRINT,0.011725045088471947
PREQTRCREDIT,RvPrimary,0.00007454664949147337
PREQTRCREDIT,Unsecured,0.0003190023271459155
PREQTRCREDIT,CoverGovGur,-0.00000784495428845963
PREQTRCREDIT,DepValPlant,0.0009495134621418652
PREQTRCREDIT,ACCTotalProv,0.0005620979524920627
PREQTRCREDIT,BaselCatMark,-0.0009904572951218917
PREQTRCREDIT,CURRENTLIMIT,0.0069163213071347426
PREQTRCREDIT,CurQtrCredit,0.047082922621174146
PREQTRCREDIT,DRAWINGPOWER,-0.000005774130990734523
PREQTRCREDIT,PREQTRCREDIT,1
PREQTRCREDIT,UnAdjSubSidy,0.000005694383750562318
PREQTRCREDIT,UnappliedInt,0.000073267827773773
PREQTRCREDIT,ProvUnsecured,-0.00006088074212604251
PREQTRCREDIT,TotalWriteOff,0.000011472810600698445
PREQTRCREDIT,AppropriatedRv,0.00005826646190086733
PREQTRCREDIT,OrgCostOfEquip,0.0005317580373540115
PREQTRCREDIT,TotLimitFunded,0.006704429025649864
PREQTRCREDIT,Cust_AssetClass,-0.000714028039236882
PREQTRCREDIT,LimitSanctioned,0.007834805075477054
PREQTRCREDIT,PriCashSecurity,0.00001715327902565308
PREQTRCREDIT,CollCashSecurity,0.00033918388396614194
PREQTRCREDIT,CollNonCRMSecurity,0.000008976167896540153
PREQTRCREDIT,NextOneYrFacStatus,-0.00113941787434442
PREQTRCREDIT,OrgCostOfPlantMech,0.00039922258121386737
UnAdjSubSidy,Age,-0.0019263802885087725
UnAdjSubSidy,CAD,-0.00003126022639102378
UnAdjSubSidy,UsedRv,-0.00037341633386467257
UnAdjSubSidy,Balance,0.00030928307715841224
UnAdjSubSidy,Product,-0.0002100420669619168
UnAdjSubSidy,TotOsNF,-0.000007983708720529793
UnAdjSubSidy,AdhocAmt,-0.000007846872208544976
UnAdjSubSidy,InttRate,0.00360701000066165
UnAdjSubSidy,InttType,-0.00040607384317224666
UnAdjSubSidy,TotalAdv,0.00010131179030767953
UnAdjSubSidy,CURQTRINT,0.0010963051277668833
UnAdjSubSidy,GLProduct,-0.0003590653285273054
UnAdjSubSidy,PRVQTRINT,0.0004485974985223539
UnAdjSubSidy,RvPrimary,-0.000014811263347725646
UnAdjSubSidy,Unsecured,-0.00031073979517915715
UnAdjSubSidy,CoverGovGur,-0.0000048275810870111316
UnAdjSubSidy,DepValPlant,0.000049334237118844124
UnAdjSubSidy,ACCTotalProv,-0.00011564684080688193
UnAdjSubSidy,BaselCatMark,-0.0006223003352760997
UnAdjSubSidy,CURRENTLIMIT,0.0002546400500781649
UnAdjSubSidy,CurQtrCredit,0.0004261147545795028
UnAdjSubSidy,DRAWINGPOWER,-0.000003377374394638652
UnAdjSubSidy,PREQTRCREDIT,0.000005694383750562318
UnAdjSubSidy,UnAdjSubSidy,1
UnAdjSubSidy,UnappliedInt,-0.000018219237970861996
UnAdjSubSidy,ProvUnsecured,-0.00008230398273416396
UnAdjSubSidy,TotalWriteOff,-0.000012729667300784185
UnAdjSubSidy,AppropriatedRv,-0.000010358298061449938
UnAdjSubSidy,OrgCostOfEquip,-0.000053389262037722683
UnAdjSubSidy,TotLimitFunded,0.00021038311315537886
UnAdjSubSidy,Cust_AssetClass,-0.0004833138381774021
UnAdjSubSidy,LimitSanctioned,0.00022081722863369425
UnAdjSubSidy,PriCashSecurity,-0.000003838870411315988
UnAdjSubSidy,CollCashSecurity,-0.000014083196534690105
UnAdjSubSidy,CollNonCRMSecurity,0.000023310588625402074
UnAdjSubSidy,NextOneYrFacStatus,-0.0007422449699571876
UnAdjSubSidy,OrgCostOfPlantMech,-0.000027094610440332338
UnappliedInt,Age,0.0027066244910085037
UnappliedInt,CAD,0.0040750612705225285
UnappliedInt,UsedRv,0.0036560891685344485
UnappliedInt,Balance,0.002639941424100087
UnappliedInt,Product,0.013291902900980203
UnappliedInt,TotOsNF,-0.000025289842045589175
UnappliedInt,AdhocAmt,-0.00002484635361416642
UnappliedInt,InttRate,0.025621465012302416
UnappliedInt,InttType,0.042347340501714785
UnappliedInt,TotalAdv,0.0016210141174060227
UnappliedInt,CURQTRINT,-0.0016479519844465264
UnappliedInt,GLProduct,0.0012627082687402334
UnappliedInt,PRVQTRINT,0.013911328639138389
UnappliedInt,RvPrimary,-0.00002877518883680525
UnappliedInt,Unsecured,0.013765713931659875
UnappliedInt,CoverGovGur,-0.000015286151094317405
UnappliedInt,DepValPlant,-0.00004495356385044437
UnappliedInt,ACCTotalProv,0.043606442673157046
UnappliedInt,BaselCatMark,0.021566908838419965
UnappliedInt,CURRENTLIMIT,0.004319942627927941
UnappliedInt,CurQtrCredit,-0.0005910793970324235
UnappliedInt,DRAWINGPOWER,-0.000010690075086041488
UnappliedInt,PREQTRCREDIT,0.000073267827773773
UnappliedInt,UnAdjSubSidy,-0.000018219237970861996
UnappliedInt,UnappliedInt,1
UnappliedInt,ProvUnsecured,0.04349171472842523
UnappliedInt,TotalWriteOff,0.5424879468391195
UnappliedInt,AppropriatedRv,-0.00002050015184897101
UnappliedInt,OrgCostOfEquip,0.0008586783801183049
UnappliedInt,TotLimitFunded,0.003471197497179488
UnappliedInt,Cust_AssetClass,0.03026935702409795
UnappliedInt,LimitSanctioned,0.0035617090363379016
UnappliedInt,PriCashSecurity,-0.0000015844545259825825
UnappliedInt,CollCashSecurity,-0.00004462753475684027
UnappliedInt,CollNonCRMSecurity,0.000026495407549706378
UnappliedInt,NextOneYrFacStatus,0.01872928231271278
UnappliedInt,OrgCostOfPlantMech,-0.00008515510260135267
ProvUnsecured,Age,-0.005278583474930401
ProvUnsecured,CAD,0.033966954037760726
ProvUnsecured,UsedRv,0.014175372635539665
ProvUnsecured,Balance,0.03215553181837266
ProvUnsecured,Product,0.022413703605291588
ProvUnsecured,TotOsNF,-0.00011867188165794334
ProvUnsecured,AdhocAmt,-0.00011672744348873998
ProvUnsecured,InttRate,0.0435387038826993
ProvUnsecured,InttType,0.017744700754117874
ProvUnsecured,TotalAdv,0.01832249076498554
ProvUnsecured,CURQTRINT,-0.001570905509559346
ProvUnsecured,GLProduct,0.006812743603211471
ProvUnsecured,PRVQTRINT,0.016374796765974926
ProvUnsecured,RvPrimary,-0.0001492386058145941
ProvUnsecured,Unsecured,0.37961089229789724
ProvUnsecured,CoverGovGur,0.00564351729849898
ProvUnsecured,DepValPlant,-0.00018350517947716567
ProvUnsecured,ACCTotalProv,0.24672747902306633
ProvUnsecured,BaselCatMark,0.08719400675458179
ProvUnsecured,CURRENTLIMIT,0.030303893937683273
ProvUnsecured,CurQtrCredit,-0.0021033544429580856
ProvUnsecured,DRAWINGPOWER,-0.000050153303753202054
ProvUnsecured,PREQTRCREDIT,-0.00006088074212604251
ProvUnsecured,UnAdjSubSidy,-0.00008230398273416396
ProvUnsecured,UnappliedInt,0.04349171472842523
ProvUnsecured,ProvUnsecured,1
ProvUnsecured,TotalWriteOff,0.02365674257612038
ProvUnsecured,AppropriatedRv,-0.00017281151111995485
ProvUnsecured,OrgCostOfEquip,0.004352035949937835
ProvUnsecured,TotLimitFunded,0.03336068054702141
ProvUnsecured,Cust_AssetClass,0.11659165362687463
ProvUnsecured,LimitSanctioned,0.023839894838749806
ProvUnsecured,PriCashSecurity,0.00013308660635940632
ProvUnsecured,CollCashSecurity,-0.00014780200416321566
ProvUnsecured,CollNonCRMSecurity,-0.000157702100758261
ProvUnsecured,NextOneYrFacStatus,0.07735642375878168
ProvUnsecured,OrgCostOfPlantMech,0.0013470500448359863
TotalWriteOff,Age,0.0028996441021236783
TotalWriteOff,CAD,0.00020300693203051674
TotalWriteOff,UsedRv,0.0017121072053210371
TotalWriteOff,Balance,0.000021887614649008674
TotalWriteOff,Product,0.008988714368262433
TotalWriteOff,TotOsNF,-0.00001766272106041399
TotalWriteOff,AdhocAmt,-0.000017359991436086553
TotalWriteOff,InttRate,0.012980105461364487
TotalWriteOff,InttType,0.026447523697233896
TotalWriteOff,TotalAdv,-0.00008075237685511648
TotalWriteOff,CURQTRINT,-0.0004260453324317457
TotalWriteOff,GLProduct,0.0016205233577694898
TotalWriteOff,PRVQTRINT,-0.0006337545736840912
TotalWriteOff,RvPrimary,-0.000029855625523139967
TotalWriteOff,Unsecured,0.007341312040254882
TotalWriteOff,CoverGovGur,-0.000010680276688679692
TotalWriteOff,DepValPlant,-0.00003141492362877514
TotalWriteOff,ACCTotalProv,0.016307158472536113
TotalWriteOff,BaselCatMark,0.009519846202041823
TotalWriteOff,CURRENTLIMIT,0.0011922536840299417
TotalWriteOff,CurQtrCredit,0.00003519280669839198
TotalWriteOff,DRAWINGPOWER,-0.000007475591267125219
TotalWriteOff,PREQTRCREDIT,0.000011472810600698445
TotalWriteOff,UnAdjSubSidy,-0.000012729667300784185
TotalWriteOff,UnappliedInt,0.5424879468391195
TotalWriteOff,ProvUnsecured,0.02365674257612038
TotalWriteOff,TotalWriteOff,1
TotalWriteOff,AppropriatedRv,-0.00003186011574880141
TotalWriteOff,OrgCostOfEquip,0.000007213899054880695
TotalWriteOff,TotLimitFunded,0.00023324438256208319
TotalWriteOff,Cust_AssetClass,0.011400779611527564
TotalWriteOff,LimitSanctioned,0.0009395767327315298
TotalWriteOff,PriCashSecurity,0.00002309377644665681
TotalWriteOff,CollCashSecurity,-0.00003115689471385943
TotalWriteOff,CollNonCRMSecurity,-0.00003034538223768545
TotalWriteOff,NextOneYrFacStatus,0.008070350102395011
TotalWriteOff,OrgCostOfPlantMech,-0.00007322392163388314
AppropriatedRv,Age,-0.0017440004845484095
AppropriatedRv,CAD,0.0032214859614796065
AppropriatedRv,UsedRv,0.008999162416700512
AppropriatedRv,Balance,0.008687579445676307
AppropriatedRv,Product,-0.001433316921566536
AppropriatedRv,TotOsNF,0.00044918762319150733
AppropriatedRv,AdhocAmt,0.0001449759464691138
AppropriatedRv,InttRate,0.0006059867068555117
AppropriatedRv,InttType,-0.00016473850123032975
AppropriatedRv,TotalAdv,0.006723081846935882
AppropriatedRv,CURQTRINT,0.007900145518734308
AppropriatedRv,GLProduct,-0.0007251556294356454
AppropriatedRv,PRVQTRINT,0.005792492666297638
AppropriatedRv,RvPrimary,0.9207042329110718
AppropriatedRv,Unsecured,-0.0010066747935756695
AppropriatedRv,CoverGovGur,-0.00001550986739926453
AppropriatedRv,DepValPlant,0.000004125913356563257
AppropriatedRv,ACCTotalProv,0.004153611739823658
AppropriatedRv,BaselCatMark,-0.0001308824679307868
AppropriatedRv,CURRENTLIMIT,0.0084934450115726
AppropriatedRv,CurQtrCredit,0.001550894382240814
AppropriatedRv,DRAWINGPOWER,-0.000010783515622077627
AppropriatedRv,PREQTRCREDIT,0.00005826646190086733
AppropriatedRv,UnAdjSubSidy,-0.000010358298061449938
AppropriatedRv,UnappliedInt,-0.00002050015184897101
AppropriatedRv,ProvUnsecured,-0.00017281151111995485
AppropriatedRv,TotalWriteOff,-0.00003186011574880141
AppropriatedRv,AppropriatedRv,1
AppropriatedRv,OrgCostOfEquip,0.00004007157157775516
AppropriatedRv,TotLimitFunded,0.007854795277306715
AppropriatedRv,Cust_AssetClass,-0.0008031181738311992
AppropriatedRv,LimitSanctioned,0.008669010429580333
AppropriatedRv,PriCashSecurity,0.051724503526590165
AppropriatedRv,CollCashSecurity,0.00007314026375245446
AppropriatedRv,CollNonCRMSecurity,0.18452944101180965
AppropriatedRv,NextOneYrFacStatus,-0.0005130130714214181
AppropriatedRv,OrgCostOfPlantMech,-0.000012032495755135241
OrgCostOfEquip,Age,-0.012609761939544939
OrgCostOfEquip,CAD,0.005620258612744616
OrgCostOfEquip,UsedRv,0.012061952822787943
OrgCostOfEquip,Balance,0.013974142220706474
OrgCostOfEquip,Product,0.05437268153781642
OrgCostOfEquip,TotOsNF,0.060281173948731774
OrgCostOfEquip,AdhocAmt,0.0011119592152716436
OrgCostOfEquip,InttRate,0.03659353562266448
OrgCostOfEquip,InttType,0.01884865313947454
OrgCostOfEquip,TotalAdv,0.014713188060891575
OrgCostOfEquip,CURQTRINT,0.009836411962731372
OrgCostOfEquip,GLProduct,0.03327893955685666
OrgCostOfEquip,PRVQTRINT,0.006370544083096572
OrgCostOfEquip,RvPrimary,0.00004222163870502936
OrgCostOfEquip,Unsecured,0.004791104597349017
OrgCostOfEquip,CoverGovGur,-0.0000482321037470495
OrgCostOfEquip,DepValPlant,0.00032408825915788915
OrgCostOfEquip,ACCTotalProv,0.008341257645609244
OrgCostOfEquip,BaselCatMark,0.008597034614451013
OrgCostOfEquip,CURRENTLIMIT,0.01898879301101332
OrgCostOfEquip,CurQtrCredit,0.019086361170775324
OrgCostOfEquip,DRAWINGPOWER,0.0001128731444610295
OrgCostOfEquip,PREQTRCREDIT,0.0005317580373540115
OrgCostOfEquip,UnAdjSubSidy,-0.000053389262037722683
OrgCostOfEquip,UnappliedInt,0.0008586783801183049
OrgCostOfEquip,ProvUnsecured,0.004352035949937835
OrgCostOfEquip,TotalWriteOff,0.000007213899054880695
OrgCostOfEquip,AppropriatedRv,0.00004007157157775516
OrgCostOfEquip,OrgCostOfEquip,1
OrgCostOfEquip,TotLimitFunded,0.02860899930384834
OrgCostOfEquip,Cust_AssetClass,0.00637981974632469
OrgCostOfEquip,LimitSanctioned,0.01443043493534796
OrgCostOfEquip,PriCashSecurity,0.000045268141372805526
OrgCostOfEquip,CollCashSecurity,0.003266919487089778
OrgCostOfEquip,CollNonCRMSecurity,0.0003524989759960634
OrgCostOfEquip,NextOneYrFacStatus,0.011372389139624848
OrgCostOfEquip,OrgCostOfPlantMech,0.0890938324768099
TotLimitFunded,Age,0.0155114155085163
TotLimitFunded,CAD,0.2295421322655047
TotLimitFunded,UsedRv,0.8288939690647132
TotLimitFunded,Balance,0.838985150874152
TotLimitFunded,Product,0.05001377328147904
TotLimitFunded,TotOsNF,0.016936262963564066
TotLimitFunded,AdhocAmt,0.027890369116939026
TotLimitFunded,InttRate,0.12043836971715537
TotLimitFunded,InttType,0.048297316641367764
TotLimitFunded,TotalAdv,0.6860775772240254
TotLimitFunded,CURQTRINT,0.6395930102899833
TotLimitFunded,GLProduct,0.012606274274888125
TotLimitFunded,PRVQTRINT,0.5341891904438031
TotLimitFunded,RvPrimary,0.01503403764546409
TotLimitFunded,Unsecured,0.10355167375425896
TotLimitFunded,CoverGovGur,0.0002496948195382674
TotLimitFunded,DepValPlant,0.02775178824127562
TotLimitFunded,ACCTotalProv,0.33541545175922627
TotLimitFunded,BaselCatMark,-0.003456599724856817
TotLimitFunded,CURRENTLIMIT,0.8728665669117461
TotLimitFunded,CurQtrCredit,0.17052614490420548
TotLimitFunded,DRAWINGPOWER,-0.00033589064128088406
TotLimitFunded,PREQTRCREDIT,0.006704429025649864
TotLimitFunded,UnAdjSubSidy,0.00021038311315537886
TotLimitFunded,UnappliedInt,0.003471197497179488
TotLimitFunded,ProvUnsecured,0.03336068054702141
TotLimitFunded,TotalWriteOff,0.00023324438256208319
TotLimitFunded,AppropriatedRv,0.007854795277306715
TotLimitFunded,OrgCostOfEquip,0.02860899930384834
TotLimitFunded,TotLimitFunded,1
TotLimitFunded,Cust_AssetClass,-0.012237291062830233
TotLimitFunded,LimitSanctioned,0.8591175249503669
TotLimitFunded,PriCashSecurity,0.001598393323412521
TotLimitFunded,CollCashSecurity,0.006691347654933842
TotLimitFunded,CollNonCRMSecurity,0.0014432571157160718
TotLimitFunded,NextOneYrFacStatus,-0.002174866140095699
TotLimitFunded,OrgCostOfPlantMech,0.02519163510826737
Cust_AssetClass,Age,0.006605977590618675
Cust_AssetClass,CAD,0.05779341581086596
Cust_AssetClass,UsedRv,-0.012529256297667041
Cust_AssetClass,Balance,-0.014140357921764329
Cust_AssetClass,Product,0.01858888494452447
Cust_AssetClass,TotOsNF,-0.0008689100532548379
Cust_AssetClass,AdhocAmt,-0.0008553286230994064
Cust_AssetClass,InttRate,0.17197781344860566
Cust_AssetClass,InttType,0.008545071711689032
Cust_AssetClass,TotalAdv,-0.0014813635432816925
Cust_AssetClass,CURQTRINT,-0.036299032394355696
Cust_AssetClass,GLProduct,0.014437012780200686
Cust_AssetClass,PRVQTRINT,0.018734728916636384
Cust_AssetClass,RvPrimary,-0.0005024927213531644
Cust_AssetClass,Unsecured,0.01645138232307386
Cust_AssetClass,CoverGovGur,0.003156725587262096
Cust_AssetClass,DepValPlant,-0.0005059812741742175
Cust_AssetClass,ACCTotalProv,0.14475106997699036
Cust_AssetClass,BaselCatMark,0.7382585314159409
Cust_AssetClass,CURRENTLIMIT,-0.02162420384571767
Cust_AssetClass,CurQtrCredit,-0.019204779860618738
Cust_AssetClass,DRAWINGPOWER,0.004426722849933287
Cust_AssetClass,PREQTRCREDIT,-0.000714028039236882
Cust_AssetClass,UnAdjSubSidy,-0.0004833138381774021
Cust_AssetClass,UnappliedInt,0.03026935702409795
Cust_AssetClass,ProvUnsecured,0.11659165362687463
Cust_AssetClass,TotalWriteOff,0.011400779611527564
Cust_AssetClass,AppropriatedRv,-0.0008031181738311992
Cust_AssetClass,OrgCostOfEquip,0.00637981974632469
Cust_AssetClass,TotLimitFunded,-0.012237291062830233
Cust_AssetClass,Cust_AssetClass,1
Cust_AssetClass,LimitSanctioned,-0.015840448359797872
Cust_AssetClass,PriCashSecurity,-0.00042173559185662194
Cust_AssetClass,CollCashSecurity,0.0007246622734175531
Cust_AssetClass,CollNonCRMSecurity,-0.00036562716404271316
Cust_AssetClass,NextOneYrFacStatus,0.6114883691588309
Cust_AssetClass,OrgCostOfPlantMech,0.002680417683313742
LimitSanctioned,Age,0.01707809679380336
LimitSanctioned,CAD,0.2988221960700059
LimitSanctioned,UsedRv,0.9534190619792943
LimitSanctioned,Balance,0.9574804435716183
LimitSanctioned,Product,0.043394767261937174
LimitSanctioned,TotOsNF,0.012151325568007472
LimitSanctioned,AdhocAmt,0.02583223500680066
LimitSanctioned,InttRate,0.08982414711724424
LimitSanctioned,InttType,0.03726731370033025
LimitSanctioned,TotalAdv,0.7202268524449659
LimitSanctioned,CURQTRINT,0.7045313007159318
LimitSanctioned,GLProduct,0.016113414392267534
LimitSanctioned,PRVQTRINT,0.5950856483400063
LimitSanctioned,RvPrimary,0.013854879388103794
LimitSanctioned,Unsecured,0.09270297251508193
LimitSanctioned,CoverGovGur,0.0005234021110724859
LimitSanctioned,DepValPlant,0.014304687573865129
LimitSanctioned,ACCTotalProv,0.3992328305734527
LimitSanctioned,BaselCatMark,-0.012222316979377703
LimitSanctioned,CURRENTLIMIT,0.9774212703270141
LimitSanctioned,CurQtrCredit,0.19707733694658916
LimitSanctioned,DRAWINGPOWER,-0.00023488541018645956
LimitSanctioned,PREQTRCREDIT,0.007834805075477054
LimitSanctioned,UnAdjSubSidy,0.00022081722863369425
LimitSanctioned,UnappliedInt,0.0035617090363379016
LimitSanctioned,ProvUnsecured,0.023839894838749806
LimitSanctioned,TotalWriteOff,0.0009395767327315298
LimitSanctioned,AppropriatedRv,0.008669010429580333
LimitSanctioned,OrgCostOfEquip,0.01443043493534796
LimitSanctioned,TotLimitFunded,0.8591175249503669
LimitSanctioned,Cust_AssetClass,-0.015840448359797872
LimitSanctioned,LimitSanctioned,1
LimitSanctioned,PriCashSecurity,0.0014610263605663717
LimitSanctioned,CollCashSecurity,0.004529603359815094
LimitSanctioned,CollNonCRMSecurity,0.001179533547401524
LimitSanctioned,NextOneYrFacStatus,-0.014568926913255871
LimitSanctioned,OrgCostOfPlantMech,0.010131248414106597
PriCashSecurity,Age,-0.0014299204325177708
PriCashSecurity,CAD,-0.00003086921374665122
PriCashSecurity,UsedRv,0.0012882134573301393
PriCashSecurity,Balance,0.0013595876111119588
PriCashSecurity,Product,0.0015297849708665002
PriCashSecurity,TotOsNF,0.00002293527980440152
PriCashSecurity,AdhocAmt,0.00007604127718479943
PriCashSecurity,InttRate,0.0014033238809269643
PriCashSecurity,InttType,0.0018914762929445107
PriCashSecurity,TotalAdv,0.0008694597424728197
PriCashSecurity,CURQTRINT,0.000968210563112692
PriCashSecurity,GLProduct,0.00030039312982223736
PriCashSecurity,PRVQTRINT,0.0004132902056511663
PriCashSecurity,RvPrimary,0.09563795769302776
PriCashSecurity,Unsecured,-0.0001314799049123237
PriCashSecurity,CoverGovGur,-0.0000033470020571465694
PriCashSecurity,DepValPlant,-0.000009676725289091003
PriCashSecurity,ACCTotalProv,-0.000020143255446455814
PriCashSecurity,BaselCatMark,-0.0005647172215673366
PriCashSecurity,CURRENTLIMIT,0.0018132077622316737
PriCashSecurity,CurQtrCredit,0.0005989106803862092
PriCashSecurity,DRAWINGPOWER,-0.0000023283211523564364
PriCashSecurity,PREQTRCREDIT,0.00001715327902565308
PriCashSecurity,UnAdjSubSidy,-0.000003838870411315988
PriCashSecurity,UnappliedInt,-0.0000015844545259825825
PriCashSecurity,ProvUnsecured,0.00013308660635940632
PriCashSecurity,TotalWriteOff,0.00002309377644665681
PriCashSecurity,AppropriatedRv,0.051724503526590165
PriCashSecurity,OrgCostOfEquip,0.000045268141372805526
PriCashSecurity,TotLimitFunded,0.001598393323412521
PriCashSecurity,Cust_AssetClass,-0.00042173559185662194
PriCashSecurity,LimitSanctioned,0.0014610263605663717
PriCashSecurity,PriCashSecurity,1
PriCashSecurity,CollCashSecurity,0.000009688015688020293
PriCashSecurity,CollNonCRMSecurity,-0.000010337866227194545
PriCashSecurity,NextOneYrFacStatus,-0.0006506611690079018
PriCashSecurity,OrgCostOfPlantMech,0.0000028202629475174603
CollCashSecurity,Age,0.0005433614613983613
CollCashSecurity,CAD,0.0006071709774219016
CollCashSecurity,UsedRv,0.004344848344449448
CollCashSecurity,Balance,0.0052128493974067346
CollCashSecurity,Product,0.01237303240713818
CollCashSecurity,TotOsNF,-0.000013971606999832356
CollCashSecurity,AdhocAmt,0.00009180395925581211
CollCashSecurity,InttRate,0.009375518405373597
CollCashSecurity,InttType,0.0036931900901244854
CollCashSecurity,TotalAdv,0.0029488707093109725
CollCashSecurity,CURQTRINT,0.004757395635424213
CollCashSecurity,GLProduct,0.0016325326483123408
CollCashSecurity,PRVQTRINT,0.0037850993947997394
CollCashSecurity,RvPrimary,0.000024994303350283916
CollCashSecurity,Unsecured,-0.0006433470618719172
CollCashSecurity,CoverGovGur,-0.000011815896841374888
CollCashSecurity,DepValPlant,-0.00003475523225642709
CollCashSecurity,ACCTotalProv,0.001083298648386389
CollCashSecurity,BaselCatMark,0.0038290186930587484
CollCashSecurity,CURRENTLIMIT,0.006439781555525011
CollCashSecurity,CurQtrCredit,0.013391124851423974
CollCashSecurity,DRAWINGPOWER,-0.000008219006691562308
CollCashSecurity,PREQTRCREDIT,0.00033918388396614194
CollCashSecurity,UnAdjSubSidy,-0.000014083196534690105
CollCashSecurity,UnappliedInt,-0.00004462753475684027
CollCashSecurity,ProvUnsecured,-0.00014780200416321566
CollCashSecurity,TotalWriteOff,-0.00003115689471385943
CollCashSecurity,AppropriatedRv,0.00007314026375245446
CollCashSecurity,OrgCostOfEquip,0.003266919487089778
CollCashSecurity,TotLimitFunded,0.006691347654933842
CollCashSecurity,Cust_AssetClass,0.0007246622734175531
CollCashSecurity,LimitSanctioned,0.004529603359815094
CollCashSecurity,PriCashSecurity,0.000009688015688020293
CollCashSecurity,CollCashSecurity,1
CollCashSecurity,CollNonCRMSecurity,-0.00003416939600887728
CollCashSecurity,NextOneYrFacStatus,0.002986744150222394
CollCashSecurity,OrgCostOfPlantMech,0.00046276467486400344
CollNonCRMSecurity,Age,-0.000056443348608760465
CollNonCRMSecurity,CAD,0.00021021407169242968
CollNonCRMSecurity,UsedRv,0.001310109164152385
CollNonCRMSecurity,Balance,0.0012970655015724008
CollNonCRMSecurity,Product,-0.0010100299457205207
CollNonCRMSecurity,TotOsNF,0.0012584015503217195
CollNonCRMSecurity,AdhocAmt,0.00008058999674950529
CollNonCRMSecurity,InttRate,0.001865094627431358
CollNonCRMSecurity,InttType,-0.0009876838985597442
CollNonCRMSecurity,TotalAdv,0.0007645190027183406
CollNonCRMSecurity,CURQTRINT,0.0009470700458578671
CollNonCRMSecurity,GLProduct,-0.0009365651864800088
CollNonCRMSecurity,PRVQTRINT,0.001402311594626911
CollNonCRMSecurity,RvPrimary,-0.00002263515677625834
CollNonCRMSecurity,Unsecured,-0.00048136547987603304
CollNonCRMSecurity,CoverGovGur,-0.000013286841438493724
CollNonCRMSecurity,DepValPlant,-0.00003261509645089042
CollNonCRMSecurity,ACCTotalProv,0.0004524125607581069
CollNonCRMSecurity,BaselCatMark,-0.0006268655710452823
CollNonCRMSecurity,CURRENTLIMIT,0.0013658087669583881
CollNonCRMSecurity,CurQtrCredit,0.0003850231130873496
CollNonCRMSecurity,DRAWINGPOWER,-0.000009291440657619624
CollNonCRMSecurity,PREQTRCREDIT,0.000008976167896540153
CollNonCRMSecurity,UnAdjSubSidy,0.000023310588625402074
CollNonCRMSecurity,UnappliedInt,0.000026495407549706378
CollNonCRMSecurity,ProvUnsecured,-0.000157702100758261
CollNonCRMSecurity,TotalWriteOff,-0.00003034538223768545
CollNonCRMSecurity,AppropriatedRv,0.18452944101180965
CollNonCRMSecurity,OrgCostOfEquip,0.0003524989759960634
CollNonCRMSecurity,TotLimitFunded,0.0014432571157160718
CollNonCRMSecurity,Cust_AssetClass,-0.00036562716404271316
CollNonCRMSecurity,LimitSanctioned,0.001179533547401524
CollNonCRMSecurity,PriCashSecurity,-0.000010337866227194545
CollNonCRMSecurity,CollCashSecurity,-0.00003416939600887728
CollNonCRMSecurity,CollNonCRMSecurity,1
CollNonCRMSecurity,NextOneYrFacStatus,-0.00011260618545681076
CollNonCRMSecurity,OrgCostOfPlantMech,0.00006590067766988633
NextOneYrFacStatus,Age,-0.007144482009073156
NextOneYrFacStatus,CAD,0.049720770331668475
NextOneYrFacStatus,UsedRv,-0.006847607838988575
NextOneYrFacStatus,Balance,-0.008602021697965654
NextOneYrFacStatus,Product,0.031516669732266474
NextOneYrFacStatus,TotOsNF,-0.0012995668089383558
NextOneYrFacStatus,AdhocAmt,0.0006517587317765026
NextOneYrFacStatus,InttRate,0.1807399425535505
NextOneYrFacStatus,InttType,-0.022590595209259955
NextOneYrFacStatus,TotalAdv,0.006194383031931543
NextOneYrFacStatus,CURQTRINT,-0.031199203044030916
NextOneYrFacStatus,GLProduct,0.049383884509267006
NextOneYrFacStatus,PRVQTRINT,0.015068724850161783
NextOneYrFacStatus,RvPrimary,0.0007262853952078614
NextOneYrFacStatus,Unsecured,0.005732338773295496
NextOneYrFacStatus,CoverGovGur,0.004935079123504326
NextOneYrFacStatus,DepValPlant,-0.0002905541552092713
NextOneYrFacStatus,ACCTotalProv,0.12826404144684556
NextOneYrFacStatus,BaselCatMark,0.7870743895371418
NextOneYrFacStatus,CURRENTLIMIT,-0.021246443208321242
NextOneYrFacStatus,CurQtrCredit,-0.028506264758277996
NextOneYrFacStatus,DRAWINGPOWER,0.0034881903987185976
NextOneYrFacStatus,PREQTRCREDIT,-0.00113941787434442
NextOneYrFacStatus,UnAdjSubSidy,-0.0007422449699571876
NextOneYrFacStatus,UnappliedInt,0.01872928231271278
NextOneYrFacStatus,ProvUnsecured,0.07735642375878168
NextOneYrFacStatus,TotalWriteOff,0.008070350102395011
NextOneYrFacStatus,AppropriatedRv,-0.0005130130714214181
NextOneYrFacStatus,OrgCostOfEquip,0.011372389139624848
NextOneYrFacStatus,TotLimitFunded,-0.002174866140095699
NextOneYrFacStatus,Cust_AssetClass,0.6114883691588309
NextOneYrFacStatus,LimitSanctioned,-0.014568926913255871
NextOneYrFacStatus,PriCashSecurity,-0.0006506611690079018
NextOneYrFacStatus,CollCashSecurity,0.002986744150222394
NextOneYrFacStatus,CollNonCRMSecurity,-0.00011260618545681076
NextOneYrFacStatus,NextOneYrFacStatus,1
NextOneYrFacStatus,OrgCostOfPlantMech,0.0023471739572557097
OrgCostOfPlantMech,Age,-0.001926913765416485
OrgCostOfPlantMech,CAD,0.001516542926323798
OrgCostOfPlantMech,UsedRv,0.008179752526565396
OrgCostOfPlantMech,Balance,0.008773469530932339
OrgCostOfPlantMech,Product,0.015774657630319516
OrgCostOfPlantMech,TotOsNF,0.050042781442011276
OrgCostOfPlantMech,AdhocAmt,0.0024876412477458547
OrgCostOfPlantMech,InttRate,0.018437382709563084
OrgCostOfPlantMech,InttType,0.009926675789349144
OrgCostOfPlantMech,TotalAdv,0.013388547889600378
OrgCostOfPlantMech,CURQTRINT,0.007074575986692743
OrgCostOfPlantMech,GLProduct,0.004797652016314858
OrgCostOfPlantMech,PRVQTRINT,0.004685104401476207
OrgCostOfPlantMech,RvPrimary,0.000060005880944120825
OrgCostOfPlantMech,Unsecured,0.0069492165738915986
OrgCostOfPlantMech,CoverGovGur,0.003693530549000298
OrgCostOfPlantMech,DepValPlant,0.07156701172751917
OrgCostOfPlantMech,ACCTotalProv,0.0028310473602520133
OrgCostOfPlantMech,BaselCatMark,0.0038844867680822583
OrgCostOfPlantMech,CURRENTLIMIT,0.01128391473033456
OrgCostOfPlantMech,CurQtrCredit,0.016809200929797423
OrgCostOfPlantMech,DRAWINGPOWER,-0.000019348080049962625
OrgCostOfPlantMech,PREQTRCREDIT,0.00039922258121386737
OrgCostOfPlantMech,UnAdjSubSidy,-0.000027094610440332338
OrgCostOfPlantMech,UnappliedInt,-0.00008515510260135267
OrgCostOfPlantMech,ProvUnsecured,0.0013470500448359863
OrgCostOfPlantMech,TotalWriteOff,-0.00007322392163388314
OrgCostOfPlantMech,AppropriatedRv,-0.000012032495755135241
OrgCostOfPlantMech,OrgCostOfEquip,0.0890938324768099
OrgCostOfPlantMech,TotLimitFunded,0.02519163510826737
OrgCostOfPlantMech,Cust_AssetClass,0.002680417683313742
OrgCostOfPlantMech,LimitSanctioned,0.010131248414106597
OrgCostOfPlantMech,PriCashSecurity,0.0000028202629475174603
OrgCostOfPlantMech,CollCashSecurity,0.00046276467486400344
OrgCostOfPlantMech,CollNonCRMSecurity,0.00006590067766988633
OrgCostOfPlantMech,NextOneYrFacStatus,0.0023471739572557097
OrgCostOfPlantMech,OrgCostOfPlantMech,1