GL,Age,CAD,Area,CADU,Caste,Scheme,UsedRv,Balance,Product,TotOsNF,Activity,AdhocAmt,District,InttRate,InttType,Religion,TotalAdv,AppGovGur,CURQTRINT,GLProduct,PRVQTRINT,RvPrimary,SubSector,Unsecured,Occupation,TotLimitNF,CoverGovGur,DepValPlant,FORMATGROUP,ACCTotalProv,BaselCatMark,CURRENTLIMIT,Constitution,CurQtrCredit,DRAWINGPOWER,FACILITYTYPE,PREQTRCREDIT,ProcessingDt,UnAdjSubSidy,UnappliedInt,ProvUnsecured,TotalWriteOff,AppropriatedRv,CUSTOMERSTATUS,OrgCostOfEquip,TotLimitFunded,Cust_AssetClass,LimitSanctioned,PriCashSecurity,CollCashSecurity,FACILITIESSTATUS,CollNonCRMSecurity,NextOneYrFacStatus,OrgCostOfPlantMech
OD STAFF,34,0,URBAN,0,GENERAL,ANY OTHER,245262,245262.43,741,0,STAFF- OTHER PERSONAL LOANS,0,DEOGHAR,9,0,HINDU,2659210.43,0,7089,247,71,5500000,OTHER NON PRIORITY SECTOR,0,DATA / VALUE NOT PROVIDED,0,0,0,B,981,0,350000,INDIVIDUAL- MALE,185914,350000,OD,213806,"{""member0"":""2018-06-30T00:00:00Z"",""member1"":null}",0,0,0,0,507272,STD,0,5287000,1,250000,254566.47300702962,8444.205467885426,STD,2035593.8648014432,0,0
TL - TO SSI,48,0,RURAL,0,GENERAL,DATA / VALUE NOT PROVIDED,257382,257381.7,1076,0,PRIORITY SECTOR OTHERS,2741.8165798845084,KOLHAPUR,11.5,0,HINDU,257381.7,0,0,729,0,500000,OTHER PRIORITY SECTOR,0,DATA / VALUE NOT PROVIDED,0,0,0,C,643,0,450000,INDIVIDUAL- MALE,0,450000,TL,0,"{""member0"":""2018-06-30T00:00:00Z"",""member1"":null}",0,0,0,0,500000,STD,0,450000,1,450000,0,0,STD,0,1,0
CC-AGRICULTURE ACTIVITIES,52,0,RURAL,0,OBC,KISAN CREDIT CARD,194327,194326.53,283,0,VEGETABLES-MIXED,0,GANDHINAGAR,7,0,HINDU,194326.53,0,23393,194,40998,350000,AGRICULTURE - SHORT TERM,0,FARMER,0,0,0,B,486,0,275000,INDIVIDUAL- MALE,411207,210000,CC,623093,"{""member0"":""2018-06-30T00:00:00Z"",""member1"":null}",0,0,0,0,350000,STD,0,275000,1,143000,0,0,STD,0,0,0
CC-AGRICULTURE ACTIVITIES,45,0,URBAN,0,DATA / VALUE NOT PROVIDED,KISAN CREDIT CARD,0,0,283,0,SUGARCANE,0,LATUR,7,0,HINDU,0,0,0,194,0,200000,AGRICULTURE - SHORT TERM,1,OTHERS,0,0,0,B,0,0,200000,INDIVIDUAL- MALE,0,200000,CC,0,"{""member0"":""2018-06-30T00:00:00Z"",""member1"":null}",0,0,1,0,0,STD,0,200000,1,200000,0,0,STD,0,0,0
CC-SSI,47.3604653021062,2983432,METROPOLITAN,0,DATA / VALUE NOT PROVIDED,ANY OTHER,2983433,2983432,270,0,MANUFACTURE OF BREAKFAST   FOODS,0,SURAT,16.25,0,DATA / VALUE NOT PROVIDED,7094714,0,0,179,0,23960689,MANUFACTURING - MICRO ENTERPRISES,0,DATA / VALUE NOT PROVIDED,0,0,0,B,1193373,1,3000000,OTHER,0,3300000,CC,0,"{""member0"":""2018-06-30T00:00:00Z"",""member1"":null}",0,0,0,0,10075824,DB2,0,7774551,4,3000000,0,0,DB2,0,1,100000
TL - - RETAIL SCHEMES,45,0,METROPOLITAN,938065,GENERAL,DENA NIVAS,702941,702941,183,0,PURCHASE OF HOUSE/ FLAT/ APARTMENT ETC,2741.8165798845084,PUNE,10.45,0,OTHERS,702941,0,0,387,0,2825000,HOUSING - PS,0,BUSINESSMAN / TRADER,0,0,0,C,2812,0,800000,INDIVIDUAL- MALE,0,800000,TL,0,"{""member0"":""2018-06-30T00:00:00Z"",""member1"":null}",0,0,0,0,2825000,STD,0,800000,1,800000,0,0,STD,0,0,0
CC-AGRICULTURE ACTIVITIES,59,0,RURAL,0,OBC,DENA KIASN CRESDIT CARD– PAIS,299975,299975,283,0,COTTON,0,GANDHINAGAR,7,0,HINDU,299975,0,42575,194,41640,600000,AGRICULTURE - SHORT TERM,0,DATA / VALUE NOT PROVIDED,0,0,0,B,750,0,300000,INDIVIDUAL- MALE,630475,300000,CC,954099,"{""member0"":""2018-06-30T00:00:00Z"",""member1"":null}",0,0,0,0,600000,STD,0,300000,1,300000,0,0,STD,0,0,0
TL - TO AGRICULTURE,33,202827,RURAL,128160,OBC,ANY OTHER,251580,251579,731,0,REPAIR / CLEANING OF WELLS / PONDS,2741.8165798845084,AHMADNAGAR,10.5,0,HINDU,251579,0,0,309,0,250000,AGRICULTURE - LONG TERM,0,FARMER,0,0,0,C,101580,1,157000,INDIVIDUAL- MALE,0,157000,TL,0,"{""member0"":""2018-06-30T00:00:00Z"",""member1"":null}",0,0,0,0,500000,DB2,0,157000,4,157000,0,0,DB2,250000,1,0
TL - TO AGRICULTURE,73,43954,SEMI-URBAN,59359,GENERAL,ANY OTHER,158776,158776,619,0,TRACTORS,2741.8165798845084,RAJKOT,13.5,0,HINDU,158776,0,0,323,0,500000,AGRICULTURE - LONG TERM,0,OTHERS,0,0,0,C,63510,1,196000,INDIVIDUAL- FEMALE,0,196000,TL,0,"{""member0"":""2018-06-30T00:00:00Z"",""member1"":null}",0,0,0,0,696000,DB2,0,196000,4,196000,0,0,DB2,196000,1,0
TL - - RETAIL SCHEMES,39,0,METROPOLITAN,0,DATA / VALUE NOT PROVIDED,DENA NIVAS,77802,77801.7,183,0,PURCHASE OF HOUSE/ FLAT/ APARTMENT ETC,2741.8165798845084,PUNE,10.05,0,DATA / VALUE NOT PROVIDED,77801.7,0,0,387,0,1100000,HOUSING - PS,0,OTHERS,0,0,0,C,311,0,904000,INDIVIDUAL- MALE,0,904000,TL,0,"{""member0"":""2018-06-30T00:00:00Z"",""member1"":null}",0,0,0,0,1100000,STD,0,904000,1,904000,0,0,STD,0,0,0
TL - TO OTHR PRIOR,60,3155,URBAN,44251.61,DATA / VALUE NOT PROVIDED,ANY OTHER,89955,89954,561,0,AUTO RICKSHAWS – 6 SEATER,2741.8165798845084,GANDHINAGAR,12.8,0,DATA / VALUE NOT PROVIDED,89954,0,0,370,0,142650,SERVICES - MEDIUM ENTERPRISES-NPS,0,DATA / VALUE NOT PROVIDED,0,0,0,C,89955,1,124000,INDIVIDUAL- MALE,0,124000,TL,0,"{""member0"":""2018-06-30T00:00:00Z"",""member1"":null}",0,1102,0,0,142650,DB3,1242650,124000,5,124000,0,0,DB3,0,1,0
TL - TO SSI,47.3604653021062,49082,URBAN,475572.71,DATA / VALUE NOT PROVIDED,COLLATERAL FREE LOANS UNDER SSI,2093396,2093396,226,0,POWER LOOMS,2741.8165798845084,KOLHAPUR,13.4,0,DATA / VALUE NOT PROVIDED,2566645,0,0,287,0,5973421,MANUFACTURING - SMALL ENTERPRISES,0,DATA / VALUE NOT PROVIDED,0,0,0,C,2093396,1,2000000,PROPRIETORSHIP,0,2000000,TL,0,"{""member0"":""2018-06-30T00:00:00Z"",""member1"":null}",0,0,0,0,4872016,DB3,0,2500000,5,2000000,0,0,DB3,0,1,3000000
TL - TO AGRICULTURE,34,0,SEMI-URBAN,3811,SC,ANY OTHER STATE GOVT. FUNDED SCHEME,59813,59813,537,0,COWS,2741.8165798845084,KHEDA,10.5,0,HINDU,59813,0,0,327,0,150000,AGRICULTURE - LONG TERM,0,FARMER,0,0,0,C,150,0,150000,INDIVIDUAL- MALE,0,150000,TL,0,"{""member0"":""2018-06-30T00:00:00Z"",""member1"":null}",0,0,0,0,150000,STD,0,150000,1,150000,0,0,STD,0,0,0
CC-RETAIL,47.3604653021062,0,METROPOLITAN,0,GENERAL,ANY OTHER,25480858,25480858.47,713,0,"IRON ANGELS, TOR STEEL",0,PUNE,16.05,0,HINDU,25480858.47,0,816082,189,734953,78148551,SERVICES - MEDIUM ENTERPRISES-NPS,0,BUSINESSMAN / TRADER,0,0,0,B,63702,0,30000000,PROPRIETORSHIP,72858947,30000000,CC,75766409,"{""member0"":""2018-06-30T00:00:00Z"",""member1"":null}",0,0,0,0,88160551,STD,0,30000000,1,20000000,0,0,STD,10012000,0,0
TL - TO AGRICULTURE,50,0,RURAL,12595,GENERAL,ANY OTHER,26368,26368,537,0,SHE BUFFALO,2741.8165798845084,GANDHINAGAR,10.5,0,HINDU,26368,0,0,327,0,75000,AGRICULTURE - LONG TERM,26368,DATA / VALUE NOT PROVIDED,0,0,0,C,26368,1,75000,INDIVIDUAL- MALE,0,75000,TL,0,"{""member0"":""2018-06-30T00:00:00Z"",""member1"":null}",0,0,26368,0,75000,LOS,0,75000,6,75000,0,0,LOS,0,1,0
TL - TO SSI,47.3604653021062,160716,URBAN,553329.2,DATA / VALUE NOT PROVIDED,COLLATERAL FREE LOANS UNDER SSI,713230,713229,226,0,POWER LOOMS,2741.8165798845084,KOLHAPUR,13.4,0,DATA / VALUE NOT PROVIDED,713229,0,0,287,0,1650000,MANUFACTURING - MICRO ENTERPRISES,0,DATA / VALUE NOT PROVIDED,0,0,0,C,285292,1,1200000,PROPRIETORSHIP,0,1200000,TL,0,"{""member0"":""2018-06-30T00:00:00Z"",""member1"":null}",0,0,0,0,1650000,DB2,0,1200000,4,1200000,0,0,DB2,0,1,1650000
CC-AGRICULTURE ACTIVITIES,39,0,SEMI-URBAN,0,OBC,KISAN CREDIT CARD,127027,127027,197,0,COTTON,0,NANDED,7,0,HINDU,127027,0,21191,205,16220,300000,AGRICULTURE - SHORT TERM,0,DATA / VALUE NOT PROVIDED,0,0,0,B,318,0,146000,INDIVIDUAL- MALE,1035,121000,CC,228770,"{""member0"":""2018-06-30T00:00:00Z"",""member1"":null}",0,0,0,0,300000,STD,0,146000,1,146000,0,0,STD,0,0,0
DL - TO SSI SECTOR,45,0,METROPOLITAN,0,DATA / VALUE NOT PROVIDED,PMMY,6242,6242.37,587,0,ANY OTHER SERVICE,2741.8165798845084,PUNE,11,0,DATA / VALUE NOT PROVIDED,6242.37,0,0,446,0,66500,SERVICES - MICRO ENTERPRISES,0,DATA / VALUE NOT PROVIDED,0,0,0,C,16,0,50000,INDIVIDUAL- MALE,0,50000,DL,0,"{""member0"":""2018-06-30T00:00:00Z"",""member1"":null}",0,0,0,0,66500,STD,50000,50000,1,50000,0,0,STD,0,0,0
CC-AGRICULTURE ACTIVITIES,60,0,SEMI-URBAN,0,CASTE NOT DECLARED,DENA KIASN CRESDIT CARD– PAIS,151113,151113,283,0,VEGETABLES-MIXED,0,GANDHINAGAR,9.728205136408748,0,HINDU,277085.16,0,6300,194,17103,4400000,AGRICULTURE - SHORT TERM,0,FARMER,0,0,0,B,378,0,200000,INDIVIDUAL- MALE,170731,156000,CC,309559,"{""member0"":""2018-06-30T00:00:00Z"",""member1"":null}",0,0,0,0,2399605,STD,0,790000,1,200000,0,0,STD,0,0,0
CC-AGRICULTURE ACTIVITIES,50,0,RURAL,0,GENERAL,KISAN CREDIT CARD,114815,114815.07,283,0,SUGARCANE,0,KOLHAPUR,7,0,HINDU,114815.07,0,19374,194,31443,250000,AGRICULTURE - SHORT TERM,0,OTHERS,0,0,0,B,287,0,100000,INDIVIDUAL- MALE,4338,100000,CC,505741,"{""member0"":""2018-06-30T00:00:00Z"",""member1"":null}",0,0,0,0,250000,STD,0,100000,1,100000,0,0,STD,0,0,0
CC-AGRICULTURE ACTIVITIES,57,0,SEMI-URBAN,0,CASTE NOT DECLARED,DENA KIASN CRESDIT CARD– PAIS,99396,99396,283,0,SUGARCANE,0,SURAT,7,0,HINDU,99396,0,14102,194,13519,200000,AGRICULTURE - SHORT TERM,0,DATA / VALUE NOT PROVIDED,0,0,0,B,248,0,100000,INDIVIDUAL- MALE,212553,100000,CC,209982,"{""member0"":""2018-06-30T00:00:00Z"",""member1"":null}",0,0,0,0,200000,STD,0,100000,1,100000,0,0,STD,0,0,0
TL - - RETAIL SCHEMES,23,0,RURAL,97124,GENERAL,VIDYA LAXMI,0,245752.09,856,0,EDU LOAN FOR ENGINEERING,2741.8165798845084,KOLHAPUR,11.55,0,HINDU,245752.09,0,0,393,0,37674386.13940598,EDUCATION,245752,DATA / VALUE NOT PROVIDED,0,0,0,C,983,0,320200,INDIVIDUAL- MALE,0,320200,TL,0,"{""member0"":""2018-06-30T00:00:00Z"",""member1"":null}",0,0,983,0,0,STD,0,320200,1,320200,254566.47300702962,8444.205467885426,STD,2035593.8648014432,1,0
CC-AGRICULTURE ACTIVITIES,47.3604653021062,0,RURAL,0,GENERAL,KISAN CREDIT CARD,290476,290475.75,283,0,VEGETABLES-MIXED,0,GANDHINAGAR,7,0,HINDU,290475.75,0,41813,194,21009,300000,AGRICULTURE - SHORT TERM,0,FARMER,0,0,0,B,726,0,300000,OTHER,678831,300000,CC,333206,"{""member0"":""2018-06-30T00:00:00Z"",""member1"":null}",0,0,0,0,300000,STD,0,300000,1,300000,0,0,STD,0,0,0
CC-AGRICULTURE ACTIVITIES,66,0,RURAL,0,GENERAL,KISAN CREDIT CARD,122901,122900.76,198,0,SUGARCANE,0,KOLHAPUR,7,0,HINDU,172900.76,0,14330,206,17102,750000,AGRICULTURE - SHORT TERM,0,FARMER,0,0,0,B,307,0,121000,INDIVIDUAL- MALE,242548,121000,CC,303603,"{""member0"":""2018-06-30T00:00:00Z"",""member1"":null}",0,0,0,0,533113,STD,0,171000,1,121000,0,0,STD,0,0,0
CC-AGRICULTURE ACTIVITIES,61,0,RURAL,0,OBC,KISAN CREDIT CARD,23184,23184.28,283,0,GROUNDNUT,0,PORBANDAR,9.7,0,HINDU,23184.28,0,17968,194,30132,300000,AGRICULTURE - SHORT TERM,0,BUSINESSMAN / TRADER,0,0,0,B,58,0,140000,INDIVIDUAL- MALE,285000,140000,CC,528079,"{""member0"":""2018-06-30T00:00:00Z"",""member1"":null}",0,2,0,0,1700000,STD,0,140000,1,125000,0,0,STD,1400000,0,0
CC-AGRICULTURE ACTIVITIES,45,0,RURAL,0,GENERAL,KISAN CREDIT CARD,79788,79788,198,0,SUGARCANE,0,KOLHAPUR,7,0,HINDU,79788,0,8787,206,5851,300000,AGRICULTURE - SHORT TERM,0,DATA / VALUE NOT PROVIDED,0,0,0,B,199,0,97000,INDIVIDUAL- MALE,78750,80000,CC,75000,"{""member0"":""2018-06-30T00:00:00Z"",""member1"":null}",0,1,0,0,300000,STD,0,97000,1,97000,0,0,STD,0,0,0
CC - OPS,39,0,URBAN,0,DATA / VALUE NOT PROVIDED,PROG.FOR DEV. OF MINORITY,0,0,565,0,OTHER VEGETABLES,0,GANDHINAGAR,9.728205136408748,0,MUSLIM,0,0,0,213,0,37674386.13940598,AGRICULTURE - SHORT TERM,1,OTHER SERVICE PROVIDER,0,0,0,B,0,1,25000,INDIVIDUAL- MALE,0,25000,CC,0,"{""member0"":""2018-06-30T00:00:00Z"",""member1"":null}",0,0,1,4996,0,DB3,0,25000,5,25000,254566.47300702962,8444.205467885426,DB3,2035593.8648014432,1,0
CC-AGRICULTURE ACTIVITIES,51,0,RURAL,0,GENERAL,KISAN CREDIT CARD,99410,99410,283,0,SUGARCANE,0,KOLHAPUR,7,0,HINDU,99410,0,0,194,16531,651000,AGRICULTURE - SHORT TERM,0,FARMER,0,0,0,B,24852,1,165000,INDIVIDUAL- MALE,11935,124000,CC,68234,"{""member0"":""2018-06-30T00:00:00Z"",""member1"":null}",0,0,0,0,651000,DB1,0,165000,3,165000,0,0,DB1,0,1,0
TL - TO SSI,47.3604653021062,0,METROPOLITAN,57832,DATA / VALUE NOT PROVIDED,DATA / VALUE NOT PROVIDED,4111282,4111282,226,0,"MANF OF PAPADS, APPALAMS ETC",2741.8165798845084,SURAT,13.75,0,DATA / VALUE NOT PROVIDED,7094714,0,0,287,0,23960689,SERVICES - SMALL ENTERPRISES,0,DATA / VALUE NOT PROVIDED,0,0,0,C,1644513,1,4774551,OTHER,0,4774551,TL,0,"{""member0"":""2018-06-30T00:00:00Z"",""member1"":null}",0,102458.8109805402,0,0,13884865,DB2,0,7774551,4,5212000,437449,0,DB2,0,1,100000
DL - TO AGRICULTURE,41,0,RURAL,0,GENERAL,LOAN AGAINST BANK DEPOSITS,430000,443556,426,0,PRIORITY SECTOR OTHERS,2741.8165798845084,KOLHAPUR,8.5,10,HINDU,443556,0,0,471,0,430000,OTHER PRIORITY SECTOR,13556,DATA / VALUE NOT PROVIDED,0,0,0,C,1109,0,365000,INDIVIDUAL- MALE,0,365000,DL,0,"{""member0"":""2018-06-30T00:00:00Z"",""member1"":null}",0,0,54,0,430000,STD,0,365000,1,365000,430000,0,STD,0,0,0
CC-AGRICULTURE ACTIVITIES,52,0,RURAL,0,DATA / VALUE NOT PROVIDED,DENA KIASN CRESDIT CARD– PAIS,1390006,1390005.7,283,0,COTTON,0,GANDHINAGAR,11.5,0,DATA / VALUE NOT PROVIDED,1390005.7,0,291219,194,375843,2280000,AGRICULTURE - SHORT TERM,0,DATA / VALUE NOT PROVIDED,0,0,0,B,3475,0,2280000,INDIVIDUAL- MALE,0,2280000,CC,2603500,"{""member0"":""2018-06-30T00:00:00Z"",""member1"":null}",0,0,0,0,2280000,STD,0,2280000,1,2280000,0,0,STD,0,1,0
TL - TO SSI,37,5356,RURAL,166,SC,ANY OTHER,31756,31755.8,1077,0,ANY OTHER TYPE OF RTL TRADE,2741.8165798845084,SOLAPUR,10.5,0,OTHERS,31755.8,0,0,718,0,60000,SERVICES - MICRO ENTERPRISES,0,OTHERS,0,0,0,C,1588,0,48000,INDIVIDUAL- FEMALE,0,48000,TL,0,"{""member0"":""2018-06-30T00:00:00Z"",""member1"":null}",0,0,0,0,60000,STD,1000,48000,1,48000,0,0,STD,0,0,0
CC-AGRICULTURE ACTIVITIES,47.3604653021062,0,SEMI-URBAN,0,DATA / VALUE NOT PROVIDED,ANY OTHER,0,0,206,0,DAIRY,0,BANAS KANTHA,9.728205136408748,20,OTHERS,0,0,0,198,0,10000,AGRICULTURE - LONG TERM,1,FARMER,0,0,0,B,0,0,10000,SHG WOMEN-DIRECT,0,10000,CC,0,"{""member0"":""2018-06-30T00:00:00Z"",""member1"":null}",0,0,0,0,0,STD,0,10000,1,10000,0,0,STD,0,0,0
TL - TO OTHR PRIOR,45,0,RURAL,750,DATA / VALUE NOT PROVIDED,RAJIV GANDHI GRAMIN NIWA YOJANA-II,61261,61260,570,0,CONSTRUCTION OF HOUSE,2741.8165798845084,KOLHAPUR,10,10,DATA / VALUE NOT PROVIDED,61260,0,0,349,0,90000,HOUSING - PS,0,DATA / VALUE NOT PROVIDED,0,0,0,C,9189,1,90000,INDIVIDUAL- MALE,0,90000,TL,0,"{""member0"":""2018-06-30T00:00:00Z"",""member1"":null}",0,0,0,0,90000,SUB,0,90000,2,90000,0,0,SUB,0,1,0
CC - OPS,48,0,RURAL,0,OBC,DENA GENERAL CREDIT CARD,0,26106,565,0,COWS,0,GANDHINAGAR,16.5,20,HINDU,26106,0,0,213,7541,37674386.13940598,AGRICULTURE - LONG TERM,26107,OTHERS,0,0,0,B,26107,1,25000,INDIVIDUAL- MALE,0,25000,CC,500,"{""member0"":""2018-06-30T00:00:00Z"",""member1"":null}",0,0,26107,0,0,LOS,0,25000,6,25000,254566.47300702962,8444.205467885426,LOS,2035593.8648014432,1,0
CC-AGRICULTURE ACTIVITIES,49,0,RURAL,0,CASTE NOT DECLARED,KISAN CREDIT CARD,38602,38602.33,283,0,SUGARCANE,0,SOLAPUR,12,0,HINDU,38602.33,0,7391,194,17304,50000,AGRICULTURE - SHORT TERM,0,FARMER,0,0,0,B,97,0,30000,INDIVIDUAL- MALE,1067,30000,CC,177293,"{""member0"":""2018-06-30T00:00:00Z"",""member1"":null}",0,0,0,0,50000,STD,0,30000,1,30000,0,0,STD,0,0,0
OD-TRADE AND SERVICES,48,0,RURAL,0,ST,DENA GENERAL CREDIT CARD,7810,7810,220,0,OTHER CASH CROPS,0,CHHOTAUDEPUR,12,0,HINDU,7810,0,0,231,1612,25000,AGRICULTURE - SHORT TERM,7810,FARMER,0,0,0,B,7810,1,25000,INDIVIDUAL- MALE,1802,25000,OD,18000,"{""member0"":""2018-06-30T00:00:00Z"",""member1"":null}",0,0,7810,0,25000,LOS,0,25000,6,25000,0,0,LOS,0,1,0
CC-AGRICULTURE ACTIVITIES,37,0,RURAL,0,GENERAL,KISAN CREDIT CARD,242214,242214,283,0,SUGARCANE,0,SOLAPUR,11.7,0,OTHERS,242214,0,25778,194,19724,500000,AGRICULTURE - SHORT TERM,0,DATA / VALUE NOT PROVIDED,0,0,0,B,606,0,240000,INDIVIDUAL- MALE,252927,240000,CC,778956,"{""member0"":""2018-06-30T00:00:00Z"",""member1"":null}",0,0,0,0,500000,STD,0,240000,1,230000,0,0,STD,0,0,0
TL - TO AGRICULTURE,73,0,SEMI-URBAN,0,GENERAL,TRACTORS UNDER TIE-UP  ARRANGEMENT WITH ITL,316227,316226.62,619,0,TRACTORS,2741.8165798845084,GANDHINAGAR,10.45,0,HINDU,1061285.62,0,0,323,0,2700000,AGRICULTURE - LONG TERM,0,OTHERS,0,0,0,C,791,0,460000,INDIVIDUAL- MALE,0,460000,TL,0,"{""member0"":""2018-06-30T00:00:00Z"",""member1"":null}",0,0,0,0,804507,STD,0,1362000,1,460000,0,0,STD,0,0,0
CC-AGRICULTURE ACTIVITIES,79,0,SEMI-URBAN,0,GENERAL,KISAN CREDIT CARD,105074,105074,283,0,SUGARCANE,0,KOLHAPUR,9.728205136408748,0,HINDU,313814.88,0,15351,194,18827,665000,AGRICULTURE - SHORT TERM,0,FARMER,0,0,0,B,263,0,100000,INDIVIDUAL- MALE,110201,100000,CC,388896,"{""member0"":""2018-06-30T00:00:00Z"",""member1"":null}",0,0,0,0,222661,STD,0,443000,1,100000,0,0,STD,0,0,0
CC-AGRICULTURE ACTIVITIES,65,0,RURAL,0,CASTE NOT DECLARED,KISAN CREDIT CARD,300402,300402.28,283,0,GROUNDNUT,0,PORBANDAR,7,0,HINDU,300402.28,0,37944,194,74924,750000,AGRICULTURE - SHORT TERM,0,FARMER,0,0,0,B,751,0,300000,INDIVIDUAL- MALE,964500,300000,CC,800528,"{""member0"":""2018-06-30T00:00:00Z"",""member1"":null}",0,0,0,0,1758000,STD,0,300000,1,229000,0,0,STD,1008000,0,0
DL - TO AGRICULTURE,67,0,RURAL,0,CASTE NOT DECLARED,KISAN TATTKAL SCHEME,51568,51567.7,399,0,SUGARCANE,2741.8165798845084,SOLAPUR,8.25,0,OTHERS,241167.73,0,0,480,0,250000,AGRICULTURE - SHORT TERM,0,DATA / VALUE NOT PROVIDED,0,0,0,C,129,0,50000,INDIVIDUAL- MALE,0,50000,DL,0,"{""member0"":""2018-06-30T00:00:00Z"",""member1"":null}",0,0,0,0,53456,STD,0,250000,1,50000,0,0,STD,0,0,0
OD-RETAIL,47.3604653021062,0,RURAL,0,GENERAL,LOAN AGAINST BANK DEPOSITS,856501,856501,576,0,VEGETABLES-MIXED,0,SABAR KANTHA,11,10,HINDU,856501,0,143333,241,416880,1425726,AGRICULTURE - SHORT TERM,0,OTHERS,0,0,0,B,2141,0,850000,INDIVIDUAL- MALE,1314219,850000,OD,4489542,"{""member0"":""2018-06-30T00:00:00Z"",""member1"":null}",0,0,0,0,1425726,STD,0,850000,1,700000,1000726,0,STD,0,0,0
DL - TO RETAIL SECTOR,38,1000,SEMI-URBAN,1000,DATA / VALUE NOT PROVIDED,DENA SUVIDHA,0,1000,822,0,PERSONAL LOAN,2741.8165798845084,KOLHAPUR,13,10,HINDU,1000,0,0,512,0,0,OTHER NON PRIORITY SECTOR,1000,OTHERS,0,0,0,C,1000,1,25000,INDIVIDUAL- MALE,0,25000,DL,0,"{""member0"":""2018-06-30T00:00:00Z"",""member1"":null}",0,32517,1000,21492,0,LOS,0,25000,6,25000,0,0,LOS,0,1,0
CC-AGRICULTURE ACTIVITIES,30,0,RURAL,0,GENERAL,KISAN CREDIT CARD,139172,139172,283,0,TOBACCO,0,ANAND,7,0,HINDU,153815,0,14459,194,21455,440000,AGRICULTURE - SHORT TERM,0,FARMER,0,0,0,B,348,0,141000,INDIVIDUAL- MALE,259609,141000,CC,317164,"{""member0"":""2018-06-30T00:00:00Z"",""member1"":null}",0,0,0,0,1535480,STD,0,189000,1,141000,0,0,STD,1000000,0,0
DL - TO RETAIL SECTOR,67,0,RURAL,0,CASTE NOT DECLARED,DENA SENIOR CITIZEN,88040,88040,782,0,LOAN FOR CONSUMER DURABLES - FARMERS,2741.8165798845084,SOLAPUR,11.5,0,OTHERS,241167.73,0,0,511,0,250000,OTHER NON PRIORITY SECTOR,0,DATA / VALUE NOT PROVIDED,0,0,0,C,352,0,100000,INDIVIDUAL- MALE,0,100000,DL,0,"{""member0"":""2018-06-30T00:00:00Z"",""member1"":null}",0,0,0,0,91264,STD,0,250000,1,100000,254566.47300702962,8444.205467885426,STD,2035593.8648014432,0,0
CC-AGRICULTURE ACTIVITIES,58,0,RURAL,0,CASTE NOT DECLARED,DENA KIASN CRESDIT CARD– PAIS,123000,197867,283,0,GROUNDNUT,0,SABAR KANTHA,10,0,HINDU,197867,0,32327,194,76107,123000,AGRICULTURE - SHORT TERM,74867,FARMER,0,0,0,B,495,0,166000,INDIVIDUAL- MALE,318000,166000,CC,471541,"{""member0"":""2018-06-30T00:00:00Z"",""member1"":null}",0,0,187,0,123000,STD,0,166000,1,166000,0,0,STD,0,0,0
TL - - RETAIL SCHEMES,51,0,METROPOLITAN,0,GENERAL,DATA / VALUE NOT PROVIDED,15832262,15832261,656,0,BUSINESS ASSOCIATIONS,2741.8165798845084,PUNE,13.75,0,HINDU,15832261,0,0,384,0,91837000,OTHER NON PRIORITY SECTOR,0,DATA / VALUE NOT PROVIDED,0,0,0,C,3958066,1,19000000,INDIVIDUAL- FEMALE,0,19000000,TL,0,"{""member0"":""2018-06-30T00:00:00Z"",""member1"":null}",0,0,0,0,91837000,DB1,0,19000000,3,19000000,0,0,DB1,0,1,0
CC-AGRICULTURE ACTIVITIES,50,0,SEMI-URBAN,0,SC,KISAN CREDIT CARD,791402.1273820571,60644,283,0,COTTON,0,NANDED,7,0,HINDU,62000,20682.671414320288,0,194,0,300000,AGRICULTURE - SHORT TERM,0,DATA / VALUE NOT PROVIDED,0,0,0,B,152,0,72000,INDIVIDUAL- MALE,0,50000,CC,0,"{""member0"":""2018-06-30T00:00:00Z"",""member1"":null}",0,0,0,0,14232702.453512255,STD,0,187254,1,82000,0,0,STD,0,0,0
TL - - RETAIL SCHEMES,36,0,METROPOLITAN,0,DATA / VALUE NOT PROVIDED,DENA NIVAS,1456176,1456176,183,0,PURCHASE OF HOUSE/ FLAT/ APARTMENT ETC,2741.8165798845084,PUNE,9.5,0,DATA / VALUE NOT PROVIDED,1456176,0,0,387,0,2000000,HOUSING - PS,0,OTHERS,0,0,0,C,5825,0,1500000,INDIVIDUAL- MALE,0,1500000,TL,0,"{""member0"":""2018-06-30T00:00:00Z"",""member1"":null}",0,0,0,0,2000000,STD,0,1500000,1,1500000,0,0,STD,0,0,0
CC-AGRICULTURE ACTIVITIES,50,0,RURAL,0,CASTE NOT DECLARED,KISAN CREDIT CARD,424511,424511.47,283,0,VEGETABLES-MIXED,0,GANDHINAGAR,7,0,HINDU,424511.47,0,51461,194,127345,560000,AGRICULTURE - SHORT TERM,0,OTHERS,0,0,0,B,1061,0,560000,INDIVIDUAL- MALE,206627,390000,CC,1318908,"{""member0"":""2018-06-30T00:00:00Z"",""member1"":null}",0,0,0,0,560000,STD,0,560000,1,200000,0,0,STD,0,0,0
TL - - RETAIL SCHEMES,24,0,METROPOLITAN,18529,DATA / VALUE NOT PROVIDED,VIDYA LAXMI,0,168726.52,856,0,EDU LOAN FOR ENGINEERING,2741.8165798845084,PUNE,11.55,0,DATA / VALUE NOT PROVIDED,168726.52,0,0,393,0,37674386.13940598,EDUCATION,168727,DATA / VALUE NOT PROVIDED,0,0,0,C,675,0,219590,INDIVIDUAL- MALE,0,219590,TL,0,"{""member0"":""2018-06-30T00:00:00Z"",""member1"":null}",0,0,675,0,0,STD,0,219590,1,219590,254566.47300702962,8444.205467885426,STD,2035593.8648014432,0,0
TL - TO SSI,47.3604653021062,0,METROPOLITAN,0,GENERAL,ANY OTHER,1086468,1086468,819,0,OTHER TEXTILES PRODUCTS,2741.8165798845084,SURAT,12.35,0,HINDU,42547387.25,0,0,286,0,130077142,OTHER PRIORITY SECTOR,0,BUSINESSMAN / TRADER,0,0,0,C,5432,0,1500000,PROPRIETORSHIP,0,1500000,TL,0,"{""member0"":""2018-06-30T00:00:00Z"",""member1"":null}",0,-1,0,0,7823488,STD,0,52600000,1,1500000,0,0,STD,43700000,0,38254000
TL - TO OTHR PRIOR,48,157051,URBAN,71511,DATA / VALUE NOT PROVIDED,ANY OTHER,157051,157051,139,0,SMALL RESTAURANT / RESTAURANT WITH BAR,2741.8165798845084,KOLHAPUR,12.75,0,HINDU,157051,0,0,355,0,300000,SERVICES - MICRO ENTERPRISES,0,OTHERS,0,0,0,C,157051,1,200000,INDIVIDUAL- MALE,0,200000,TL,0,"{""member0"":""2018-06-30T00:00:00Z"",""member1"":null}",0,0,0,0,300000,DB3,1000,200000,5,200000,0,0,DB3,0,1,0
CC-AGRICULTURE ACTIVITIES,78,0,RURAL,0,GENERAL,KISAN CREDIT CARD,600000,611676.6,283,0,COTTON,0,GANDHINAGAR,10.45,0,HINDU,611676.6,0,70351,194,0,600000,AGRICULTURE - SHORT TERM,11677,OTHERS,0,0,0,B,1529,0,600000,INDIVIDUAL- MALE,658975,600000,CC,0,"{""member0"":""2018-06-30T00:00:00Z"",""member1"":null}",0,0,29,0,600000,STD,0,600000,1,600000,0,0,STD,0,0,0
TL - - RETAIL SCHEMES,29,0,METROPOLITAN,0,DATA / VALUE NOT PROVIDED,VIDYA LAXMI,0,74124.04,856,0,EDU LOAN FOR BUSINESS MANAGEMENT,2741.8165798845084,PUNE,14.05,0,DATA / VALUE NOT PROVIDED,74124.04,0,0,393,0,37674386.13940598,EDUCATION,74124,DATA / VALUE NOT PROVIDED,0,0,0,C,296,0,180000,INDIVIDUAL- MALE,0,180000,TL,0,"{""member0"":""2018-06-30T00:00:00Z"",""member1"":null}",0,0,296,0,0,STD,0,180000,1,180000,254566.47300702962,8444.205467885426,STD,2035593.8648014432,0,0
CC-AGRICULTURE ACTIVITIES,51,0,SEMI-URBAN,0,OBC,KISAN CREDIT CARD,791402.1273820571,35226.14,283,0,GROUNDNUT,0,JUNAGADH,9.728205136408748,0,HINDU,35226.14,20682.671414320288,0,194,0,800000,AGRICULTURE - SHORT TERM,0,FARMER,0,0,0,B,88,0,37000,INDIVIDUAL- MALE,0,37000,CC,0,"{""member0"":""2018-06-30T00:00:00Z"",""member1"":null}",0,0,0,0,14232702.453512255,STD,0,37000,1,21000,0,0,STD,100000,0,0
TL - - RETAIL SCHEMES,51,50546,URBAN,4787,DATA / VALUE NOT PROVIDED,ANY OTHER,50546,50546,797,0,FOR GENERAL CONSUMPTION,2741.8165798845084,KOLHAPUR,16.3,0,HINDU,50546,0,0,389,0,145000,OTHER PRIORITY SECTOR,0,OTHERS,0,0,0,C,50546,1,50000,INDIVIDUAL- MALE,0,50000,TL,0,"{""member0"":""2018-06-30T00:00:00Z"",""member1"":null}",0,0,0,0,145000,DB3,0,50000,5,50000,0,0,DB3,0,1,0
CC-AGRICULTURE ACTIVITIES,62,0,RURAL,0,DATA / VALUE NOT PROVIDED,KISAN CREDIT CARD,573539,573539,283,0,COTTON,0,SABAR KANTHA,13.25,0,HINDU,573539,0,117300,194,200726,1300000,AGRICULTURE - SHORT TERM,0,FARMER,0,0,0,B,573539,1,307000,INDIVIDUAL- MALE,117300,307000,CC,975093,"{""member0"":""2018-06-30T00:00:00Z"",""member1"":null}",0,102458.8109805402,0,0,1300000,DB3,0,307000,5,307000,0,0,DB3,0,1,0
CC-RETAIL,47.3604653021062,0,RURAL,0,DATA / VALUE NOT PROVIDED,DATA / VALUE NOT PROVIDED,948690,948690.02,779,0,ANY OTHER FOOD ITEM,0,AHMADNAGAR,13,0,DATA / VALUE NOT PROVIDED,948690.02,0,18160,191,31628,16358940,SERVICES - MICRO ENTERPRISES,0,ARCHITECT,0,0,0,B,2372,0,1000000,INDIVIDUAL- MALE,5543508,1000000,CC,3863208,"{""member0"":""2018-06-30T00:00:00Z"",""member1"":null}",0,0,0,0,16358940,STD,45000,1000000,1,800000,0,0,STD,0,0,0
DL - TO AGRICULTURE,80,0,METROPOLITAN,0,DATA / VALUE NOT PROVIDED,LOAN AGAINST BANK DEPOSITS,61571,65466,426,0,LOANS AGAINST BANK'S OWN DEPOSITS,2741.8165798845084,SURAT,11,10,OTHERS,65466,0,0,471,0,61571,OTHER NON PRIORITY SECTOR,3895,SALARIED OTHERS (WAGE AND SALARY EARNER),0,0,0,C,262,0,50000,INDIVIDUAL- MALE,0,50000,DL,0,"{""member0"":""2018-06-30T00:00:00Z"",""member1"":null}",0,0,16,0,61571,STD,0,50000,1,50000,61571,0,STD,0,0,0
TL - TO AGRICULTURE,48,0,URBAN,102363,DATA / VALUE NOT PROVIDED,ANY OTHER,18788,18788,619,0,TRACTORS,2741.8165798845084,KOLHAPUR,10.5,0,HINDU,18788,0,0,323,0,400000,AGRICULTURE - LONG TERM,0,FARMER,0,0,0,C,47,0,400000,INDIVIDUAL- MALE,0,400000,TL,0,"{""member0"":""2018-06-30T00:00:00Z"",""member1"":null}",0,0,0,0,400000,STD,0,400000,1,400000,0,0,STD,0,0,0
CC-AGRICULTURE ACTIVITIES,66,0,URBAN,0,OBC,KISAN CREDIT CARD,305500,305499,283,0,COTTON,0,GANDHINAGAR,11,0,HINDU,305499,0,0,194,111019,1500000,AGRICULTURE - SHORT TERM,0,DATA / VALUE NOT PROVIDED,0,0,0,B,122200,1,318000,INDIVIDUAL- MALE,22713,318000,CC,0,"{""member0"":""2018-06-30T00:00:00Z"",""member1"":null}",0,0,0,0,1500000,DB2,0,318000,4,318000,0,0,DB2,0,1,0
CC-AGRICULTURE ACTIVITIES,41,0,RURAL,0,GENERAL,KISAN CREDIT CARD,111556,111555.5,283,0,SUGARCANE,0,AHMADNAGAR,7,0,HINDU,111555.5,0,16316,194,19160,354000,AGRICULTURE - SHORT TERM,0,DATA / VALUE NOT PROVIDED,0,0,0,B,279,0,100000,INDIVIDUAL- FEMALE,4994,100000,CC,318768,"{""member0"":""2018-06-30T00:00:00Z"",""member1"":null}",0,102458.8109805402,0,0,354000,STD,0,100000,1,100000,0,0,STD,0,0,0
CC-AGRICULTURE ACTIVITIES,27,0,SEMI-URBAN,0,DATA / VALUE NOT PROVIDED,DKCC WITH INSURANCE,30094,30094,283,0,COTTON,0,BULDHANA,12,0,DATA / VALUE NOT PROVIDED,30094,0,3860,194,13498,75000,AGRICULTURE - SHORT TERM,0,DATA / VALUE NOT PROVIDED,0,0,0,B,30094,1,15000,INDIVIDUAL- MALE,258,15000,CC,32290,"{""member0"":""2018-06-30T00:00:00Z"",""member1"":null}",0,0,0,0,90000,DB3,0,15000,5,15000,0,0,DB3,15000,1,0
DL - TO AGRICULTURE,67,0,URBAN,0,GENERAL,DENA AGRICULTURE GOLD LOAN SCHEME,110030,110029.5,544,0,SUGARCANE,2741.8165798845084,KOLHAPUR,8.3,0,HINDU,110029.5,0,0,473,0,745887,AGRICULTURE - SHORT TERM,0,RETIRED,0,0,0,C,275,0,150000,INDIVIDUAL- MALE,0,150000,DL,0,"{""member0"":""2018-06-30T00:00:00Z"",""member1"":null}",0,0,0,0,745880,STD,1000,400000,1,150000,245887,0,STD,0,0,0
CC-AGRICULTURE ACTIVITIES,37,0,SEMI-URBAN,0,DATA / VALUE NOT PROVIDED,KISAN CREDIT CARD,0,513436.8,283,0,VEGETABLES-MIXED,0,GANDHINAGAR,11,0,OTHERS,513436.8,0,72098,194,36128,37674386.13940598,AGRICULTURE - SHORT TERM,513437,OTHERS,0,0,0,B,1284,0,563000,INDIVIDUAL- MALE,1141680,512000,CC,748475,"{""member0"":""2018-06-30T00:00:00Z"",""member1"":null}",0,0,1284,0,0,STD,0,563000,1,563000,254566.47300702962,8444.205467885426,STD,2035593.8648014432,0,0
TL - - RETAIL SCHEMES,50,0,URBAN,0,DATA / VALUE NOT PROVIDED,DENA NIVAS,887135,887135,183,0,CONSTRUCTION OF HOUSE,2741.8165798845084,KOLHAPUR,11.55,0,DATA / VALUE NOT PROVIDED,997161,0,0,387,0,2495000,HOUSING - PS,0,DATA / VALUE NOT PROVIDED,0,0,0,C,887135,1,1000000,INDIVIDUAL- MALE,0,1000000,TL,0,"{""member0"":""2018-06-30T00:00:00Z"",""member1"":null}",0,0,0,0,2219704,DB3,0,1700000,5,1000000,0,0,DB3,0,1,5000000
TL - TO SSI,50,0,METROPOLITAN,0,CASTE NOT DECLARED,PMMY,489428,489428.19,1078,0,RAW JUTE FIBER / PRODUCTS,2741.8165798845084,SURAT,10.55,0,HINDU,614428.19,0,0,733,0,923000,MANUFACTURING - MICRO ENTERPRISES,0,BUSINESSMAN / TRADER,0,0,0,C,2448,0,718200,INDIVIDUAL- MALE,0,718200,TL,0,"{""member0"":""2018-06-30T00:00:00Z"",""member1"":null}",0,0,0,0,735224,STD,0,843200,1,718200,0,0,STD,0,0,500000
DL - TO RETAIL SECTOR,63,1000,URBAN,1000,SC,DENA SUVIDHA,1000,1000,822,0,PERSONAL LOAN,2741.8165798845084,KOLHAPUR,14.25,10,HINDU,1000,0,0,512,0,37674386.13940598,OTHER NON PRIORITY SECTOR,1000,OTHERS,0,0,0,C,1000,1,50000,INDIVIDUAL- MALE,0,50000,DL,0,"{""member0"":""2018-06-30T00:00:00Z"",""member1"":null}",0,9427,1000,30687,50000,LOS,0,50000,6,50000,0,0,LOS,50000,1,0
CC-AGRICULTURE ACTIVITIES,73,0,RURAL,0,DATA / VALUE NOT PROVIDED,KISAN CREDIT CARD,156842,156842,283,0,COTTON,0,GANDHINAGAR,10,0,HINDU,156842,0,0,194,1472,200000,AGRICULTURE - SHORT TERM,0,OTHERS,0,0,0,B,156842,1,200000,INDIVIDUAL- MALE,0,200000,CC,80010,"{""member0"":""2018-06-30T00:00:00Z"",""member1"":null}",0,0,0,0,700000,DB3,0,200000,5,200000,0,0,DB3,500000,1,0
CC-SSI,47.3604653021062,0,URBAN,0,DATA / VALUE NOT PROVIDED,ANY OTHER,448949,448948.72,270,0,"COTTON SPINNING, WEAVING UNITS",0,KOLHAPUR,9.728205136408748,0,DATA / VALUE NOT PROVIDED,448948.72,0,0,179,9579,1278211,MANUFACTURING - MICRO ENTERPRISES,0,DATA / VALUE NOT PROVIDED,0,0,0,B,2244,0,600000,PROPRIETORSHIP,1002810,622100,CC,1128466,"{""member0"":""2018-06-30T00:00:00Z"",""member1"":null}",0,0,0,0,1278211,STD,0,600000,1,500000,30211,0,STD,0,0,250000
CC-AGRICULTURE ACTIVITIES,73,0,SEMI-URBAN,0,CASTE NOT DECLARED,KISAN CREDIT CARD,204999,204999.11,283,0,GROUNDNUT,0,RAJKOT,7,0,HINDU,204999.11,0,33477,194,26932,300000,AGRICULTURE - SHORT TERM,0,OTHERS,0,0,0,B,512,0,205000,INDIVIDUAL- FEMALE,520000,205000,CC,438712,"{""member0"":""2018-06-30T00:00:00Z"",""member1"":null}",0,0,0,0,900000,STD,0,205000,1,100000,0,0,STD,600000,0,0
TL - - RETAIL SCHEMES,20,0,URBAN,0,GENERAL,VIDYA LAXMI,0,248000,856,0,ANY OTHER EDUCATIONAL LOAN,2741.8165798845084,KOLHAPUR,9.8,0,HINDU,248000,0,0,393,0,37674386.13940598,EDUCATION,248000,DATA / VALUE NOT PROVIDED,0,0,0,C,992,0,648000,INDIVIDUAL- MALE,0,648000,TL,0,"{""member0"":""2018-06-30T00:00:00Z"",""member1"":null}",0,0,992,0,0,STD,0,648000,1,648000,254566.47300702962,8444.205467885426,STD,2035593.8648014432,0,0
TL - TO AGRICULTURE,47,0,SEMI-URBAN,0,GENERAL,DAIRY DEVELOPMENT PROG.,236842,236842,537,0,COWS,2741.8165798845084,GANDHINAGAR,8.75,0,HINDU,236842,0,0,327,0,300000,AGRICULTURE - LONG TERM,0,FARMER,0,0,0,C,592,0,250000,INDIVIDUAL- MALE,0,250000,TL,0,"{""member0"":""2018-06-30T00:00:00Z"",""member1"":null}",0,0,0,0,300000,STD,0,250000,1,250000,0,0,STD,0,0,0
CC-AGRICULTURE ACTIVITIES,53,0,RURAL,0,DATA / VALUE NOT PROVIDED,KISAN CREDIT CARD,180307,180307,283,0,SUGARCANE,0,KOLHAPUR,9.7,0,HINDU,180307,0,30925,194,8283,700000,AGRICULTURE - SHORT TERM,0,FARMER,0,0,0,B,451,0,260000,INDIVIDUAL- MALE,216441,180000,CC,0,"{""member0"":""2018-06-30T00:00:00Z"",""member1"":null}",0,0,0,0,700000,STD,0,260000,1,80000,0,0,STD,0,0,0
CC-SSI,47.3604653021062,0,SEMI-URBAN,0,GENERAL,DATA / VALUE NOT PROVIDED,414686,414686.01,270,0,PLASTIC MOULDED DOMESTIC PRODUCTS,0,DADRA AND NAGAR HAVELI,12,0,OTHERS,814696.01,0,12996,179,11809,3187250,MANUFACTURING - MICRO ENTERPRISES,0,MANUFACTURER,0,0,0,B,1037,0,500000,PARTNERSHIP,2151376,500000,CC,1579696,"{""member0"":""2018-06-30T00:00:00Z"",""member1"":null}",0,0,0,0,1622333,STD,0,713750,1,500000,0,0,STD,0,0,3192000
CC-AGRICULTURE ACTIVITIES,60,0,RURAL,0,DATA / VALUE NOT PROVIDED,KISAN CREDIT CARD,272503,272503,198,0,SUGARCANE,0,KOLHAPUR,9.7,0,DATA / VALUE NOT PROVIDED,272503,0,34126,206,20998,600000,AGRICULTURE - SHORT TERM,0,DATA / VALUE NOT PROVIDED,0,0,0,B,681,0,300000,INDIVIDUAL- MALE,518315,276000,CC,226375,"{""member0"":""2018-06-30T00:00:00Z"",""member1"":null}",0,0,0,0,600000,STD,0,300000,1,300000,0,0,STD,0,0,0
CC-AGRICULTURE ACTIVITIES,39,0,RURAL,0,DATA / VALUE NOT PROVIDED,DENA KIASN CRESDIT CARD– PAIS,192992,192991.88,283,0,COTTON,0,GANDHINAGAR,7,0,DATA / VALUE NOT PROVIDED,192991.88,0,14089,194,37441,200000,AGRICULTURE - SHORT TERM,0,DATA / VALUE NOT PROVIDED,0,0,0,B,482,0,200000,INDIVIDUAL- MALE,225540,200000,CC,235636,"{""member0"":""2018-06-30T00:00:00Z"",""member1"":null}",0,0,0,0,200000,STD,0,200000,1,200000,0,0,STD,0,0,0
CC-AGRICULTURE ACTIVITIES,39,0,RURAL,0,DATA / VALUE NOT PROVIDED,KISAN CREDIT CARD,285,285,198,0,SUGARCANE,0,KOLHAPUR,7,0,OTHERS,285,0,1135,206,0,25000,AGRICULTURE - SHORT TERM,0,FARMER,0,0,0,B,1,0,25000,INDIVIDUAL- MALE,36850,19000,CC,0,"{""member0"":""2018-06-30T00:00:00Z"",""member1"":null}",0,0,0,0,125000,STD,0,25000,1,25000,0,0,STD,100000,0,0
CC-AGRICULTURE ACTIVITIES,62,0,SEMI-URBAN,0,GENERAL,KISAN CREDIT CARD,19409,19409.02,197,0,COTTON,0,NANDED,7,0,HINDU,19409.02,0,1452,205,2371,150000,AGRICULTURE - SHORT TERM,0,FARMER,0,0,0,B,49,0,23000,INDIVIDUAL- MALE,9684,23000,CC,27516,"{""member0"":""2018-06-30T00:00:00Z"",""member1"":null}",0,102458.8109805402,0,0,150000,STD,0,23000,1,25000,0,0,STD,0,0,0
CC-AGRICULTURE ACTIVITIES,47,0,RURAL,0,DATA / VALUE NOT PROVIDED,KISAN CREDIT CARD,113472,113472.4,198,0,SUGARCANE,0,KOLHAPUR,12.25,0,DATA / VALUE NOT PROVIDED,113472.4,0,36116,206,37531,500000,AGRICULTURE - SHORT TERM,0,DATA / VALUE NOT PROVIDED,0,0,0,B,284,0,193900,INDIVIDUAL- MALE,92820,132600,CC,10,"{""member0"":""2018-06-30T00:00:00Z"",""member1"":null}",0,0,0,0,500000,STD,0,193900,1,193900,0,0,STD,0,1,0
CC-AGRICULTURE ACTIVITIES,45,0,RURAL,0,OBC,KISAN CREDIT CARD,791402.1273820571,384431.8,283,0,COTTON,0,GANDHINAGAR,10.6,0,HINDU,384431.8,20682.671414320288,0,194,0,400000,AGRICULTURE - SHORT TERM,0,DATA / VALUE NOT PROVIDED,0,0,0,B,961,0,400000,INDIVIDUAL- MALE,0,395000,CC,0,"{""member0"":""2018-06-30T00:00:00Z"",""member1"":null}",0,0,0,0,14232702.453512255,STD,0,400000,1,400000,0,0,STD,0,1,0
DL - TO AGRICULTURE,72,0,SEMI-URBAN,0,GENERAL,KISAN TATTKAL SCHEME,50000,50000,399,0,SUGARCANE,2741.8165798845084,KOLHAPUR,9.728205136408748,0,HINDU,219289,0,0,480,0,250000,AGRICULTURE - SHORT TERM,0,FARMER,0,0,0,C,125,0,50000,INDIVIDUAL- MALE,0,50000,DL,0,"{""member0"":""2018-06-30T00:00:00Z"",""member1"":null}",0,0,0,0,57002,STD,0,274000,1,50000,0,0,STD,0,0,0
CC-SSI,47.3604653021062,0,METROPOLITAN,0,GENERAL,ANY OTHER,24590487,24590486.59,270,0,OTHER TEXTILES PRODUCTS,4000000,SURAT,12.4,0,HINDU,42547387.25,0,645881,179,362430,130077142,OTHER PRIORITY SECTOR,0,BUSINESSMAN / TRADER,0,0,0,B,122952,0,27000000,PROPRIETORSHIP,39836620,30236845.5,CC,46110376,"{""member0"":""2018-06-30T00:00:00Z"",""member1"":null}",0,0,0,0,177072283,STD,0,52600000,1,18000000,0,0,STD,45200000,0,38254000
CC-AGRICULTURE ACTIVITIES,48,0,RURAL,0,DATA / VALUE NOT PROVIDED,KISAN CREDIT CARD,50988,50987.78,198,0,SUGARCANE,0,KOLHAPUR,7,0,DATA / VALUE NOT PROVIDED,98971.58,0,5042,206,2872,350000,AGRICULTURE - SHORT TERM,0,DATA / VALUE NOT PROVIDED,0,0,0,B,127,0,56000,INDIVIDUAL- MALE,92740,51000,CC,42034,"{""member0"":""2018-06-30T00:00:00Z"",""member1"":null}",0,0,0,0,180312,STD,0,104000,1,56000,0,0,STD,0,1,0
CC-AGRICULTURE ACTIVITIES,53,0,RURAL,0,DATA / VALUE NOT PROVIDED,KISAN CREDIT CARD,642515,642515.36,283,0,POTATO,0,SABAR KANTHA,9.728205136408748,0,HINDU,642515.36,0,107365,194,338870,1243000,AGRICULTURE - SHORT TERM,0,OTHERS,0,0,0,B,1606,0,650000,INDIVIDUAL- MALE,1416917,650000,CC,4907600,"{""member0"":""2018-06-30T00:00:00Z"",""member1"":null}",0,0,0,0,1243000,STD,0,650000,1,650000,0,0,STD,0,0,0
CC-AGRICULTURE ACTIVITIES,63,0,RURAL,0,CASTE NOT DECLARED,KISAN CREDIT CARD,301141,301140.9,283,0,SUGARCANE,0,SOLAPUR,7,0,HINDU,301140.9,0,33731,194,96166,1300000,AGRICULTURE - SHORT TERM,0,DATA / VALUE NOT PROVIDED,0,0,0,B,753,0,365000,INDIVIDUAL- FEMALE,362486,300000,CC,2077816,"{""member0"":""2018-06-30T00:00:00Z"",""member1"":null}",0,0,0,0,1300000,STD,0,365000,1,275000,0,0,STD,0,0,0
CC-AGRICULTURE ACTIVITIES,60,0,SEMI-URBAN,0,OBC,KISAN CREDIT CARD,49899,49898.54,197,0,GROUNDNUT,0,JUNAGADH,7,0,MUSLIM,49898.54,0,7270,205,7350,80000,AGRICULTURE - SHORT TERM,0,FARMER,0,0,0,B,125,0,50000,INDIVIDUAL- MALE,110000,50000,CC,109900,"{""member0"":""2018-06-30T00:00:00Z"",""member1"":null}",0,0,0,0,480000,STD,0,50000,1,50000,0,0,STD,400000,0,0
CC-AGRICULTURE ACTIVITIES,34,0,RURAL,0,OBC,KISAN CREDIT CARD,300000,323754,283,0,POMEGRANATE,0,AHMADNAGAR,7,0,HINDU,323754,0,46814,194,0,300000,AGRICULTURE - LONG TERM,23754,FARMER,0,0,0,B,809,0,412000,INDIVIDUAL- MALE,433256,310000,CC,0,"{""member0"":""2018-06-30T00:00:00Z"",""member1"":null}",0,-1,59,0,300000,STD,0,412000,1,282000,0,0,STD,0,0,0
TL - TO SSI,62,9486,RURAL,0,GENERAL,DATA / VALUE NOT PROVIDED,0,35873,1077,0,PRIORITY SECTOR OTHERS,2741.8165798845084,GANDHINAGAR,11.6,0,OTHERS,35873,0,0,718,0,37674386.13940598,OTHER PRIORITY SECTOR,35873,DATA / VALUE NOT PROVIDED,0,0,0,C,35873,1,50000,INDIVIDUAL- MALE,0,50000,TL,0,"{""member0"":""2018-06-30T00:00:00Z"",""member1"":null}",0,0,35873,0,0,LOS,0,50000,6,50000,254566.47300702962,8444.205467885426,LOS,2035593.8648014432,1,0
TL - TO AGRICULTURE,59,0,RURAL,98756,OBC,ANY OTHER,135315,135315.13,731,0,DRIP SETS,2741.8165798845084,SOLAPUR,11,0,HINDU,290927.13,0,0,309,0,750000,AGRICULTURE - LONG TERM,0,SALARIED OTHERS (WAGE AND SALARY EARNER),0,0,0,C,338,0,300000,INDIVIDUAL- FEMALE,0,300000,TL,0,"{""member0"":""2018-06-30T00:00:00Z"",""member1"":null}",0,102458.8109805402,0,0,348838,STD,0,450000,1,300000,0,0,STD,0,0,0
CC-AGRICULTURE ACTIVITIES,50,0,RURAL,0,DATA / VALUE NOT PROVIDED,KISAN CREDIT CARD,79126,79126,283,0,LOAN FOR OTHER FARM CROPS,0,CHHOTAUDEPUR,7,0,HINDU,79126,0,12875,194,22771,100000,AGRICULTURE - SHORT TERM,0,OTHERS,0,0,0,B,198,0,80000,INDIVIDUAL- MALE,172340,80000,CC,23500,"{""member0"":""2018-06-30T00:00:00Z"",""member1"":null}",0,0,0,0,100000,STD,0,80000,1,80000,0,0,STD,0,0,0
CC-AGRICULTURE ACTIVITIES,73,0,RURAL,0,CASTE NOT DECLARED,DENA KIASN CRESDIT CARD– PAIS,124177,124177,283,0,BAJRA,0,AHMADNAGAR,7,0,OTHERS,124177,0,0,194,0,300000,AGRICULTURE - SHORT TERM,0,OTHERS,0,0,0,B,310,0,180000,INDIVIDUAL- MALE,0,124000,CC,0,"{""member0"":""2018-06-30T00:00:00Z"",""member1"":null}",0,0,0,0,1200000,STD,0,180000,1,180000,0,0,STD,900000,0,0
TL - TO SSI,47.3604653021062,0,RURAL,0,DATA / VALUE NOT PROVIDED,DATA / VALUE NOT PROVIDED,434164,543963,1078,0,OTHER MANU. ACTIVITY NOT LISTED ABOVE,2741.8165798845084,GANDHINAGAR,10.65,0,DATA / VALUE NOT PROVIDED,1684950.17,0,0,733,0,1344842,SERVICES - MICRO ENTERPRISES,109799,DATA / VALUE NOT PROVIDED,0,0,0,C,1360,0,600000,PROPRIETORSHIP,0,600000,TL,0,"{""member0"":""2018-06-30T00:00:00Z"",""member1"":null}",0,0,16470,0,434164,STD,50000,2000000,1,600000,0,0,STD,0,0,0
CC-AGRICULTURE ACTIVITIES,47,0,RURAL,0,DATA / VALUE NOT PROVIDED,KISAN CREDIT CARD,257655,257655,283,0,SUGARCANE,0,SOLAPUR,7,0,HINDU,625917.19,0,30345,194,0,1050000,AGRICULTURE - SHORT TERM,0,FARMER,0,0,0,B,644,0,250000,INDIVIDUAL- FEMALE,250190,250000,CC,0,"{""member0"":""2018-06-30T00:00:00Z"",""member1"":null}",0,-1,0,0,1049692,STD,0,681409,1,228000,0,0,STD,0,0,0
CC-AGRICULTURE ACTIVITIES,32,0,SEMI-URBAN,0,GENERAL,KISAN CREDIT CARD,149466,149465.5,283,0,COTTON,0,BANAS KANTHA,7,0,HINDU,149465.5,0,20775,194,0,200000,AGRICULTURE - SHORT TERM,0,DAILY WAGES & SELF EARNER,0,0,0,B,374,0,150000,INDIVIDUAL- MALE,326498,150000,CC,1262,"{""member0"":""2018-06-30T00:00:00Z"",""member1"":null}",0,0,0,0,450000,STD,0,150000,1,150000,0,0,STD,250000,0,0
TL - - RETAIL SCHEMES,33,0,RURAL,0,OBC,DENA VEHICLE LOAN,769515,769514.6,179,0,VEHICLES – FOUR WHEELER,2741.8165798845084,AHMADNAGAR,9,0,HINDU,769514.6,0,0,390,0,1088643,OTHER NON PRIORITY SECTOR,0,DATA / VALUE NOT PROVIDED,0,0,0,C,3078,0,800000,INDIVIDUAL- MALE,0,800000,TL,0,"{""member0"":""2018-06-30T00:00:00Z"",""member1"":null}",0,0,0,0,1088643,STD,0,800000,1,800000,0,0,STD,0,0,0
CC-AGRICULTURE ACTIVITIES,44,0,RURAL,0,OBC,KISAN CREDIT CARD,97028,97028,283,0,VEGETABLES-MIXED,0,GANDHINAGAR,7,0,HINDU,97028,0,13279,194,6905,150000,AGRICULTURE - SHORT TERM,0,FARMER,0,0,0,B,243,0,100000,INDIVIDUAL- MALE,213197,100000,CC,109959,"{""member0"":""2018-06-30T00:00:00Z"",""member1"":null}",0,0,0,0,150000,STD,0,100000,1,100000,0,0,STD,0,0,0
TL - TO AGRICULTURE,66,157366,RURAL,50439.2,DATA / VALUE NOT PROVIDED,ANY OTHER,157366,157366,838,0,COTTON,2741.8165798845084,SOLAPUR,10.5,0,HINDU,226021,0,0,339,0,400000,AGRICULTURE - LONG TERM,0,OTHERS,0,0,0,C,393,0,125000,INDIVIDUAL- MALE,0,125000,TL,0,"{""member0"":""2018-06-30T00:00:00Z"",""member1"":null}",0,102458.8109805402,0,0,278498,STD,0,195000,1,125000,0,0,STD,0,1,0
CC-AGRICULTURE ACTIVITIES,76,0,RURAL,0,OBC,DENA KIASN CRESDIT CARD– PAIS,124728,124728,283,0,COTTON,0,KHEDA,7,0,HINDU,147550,0,24558,194,9671,371000,AGRICULTURE - SHORT TERM,0,FARMER,0,0,0,B,312,0,151200,INDIVIDUAL- MALE,0,125000,CC,135010,"{""member0"":""2018-06-30T00:00:00Z"",""member1"":null}",0,0,0,0,524948,STD,0,188200,1,125000,0,0,STD,250000,0,0
CC-AGRICULTURE ACTIVITIES,49,0,RURAL,0,OBC,DENA KIASN CRESDIT CARD– PAIS,80177,80177,283,0,JOWAR,0,AHMADNAGAR,7,0,HINDU,80177,0,0,194,0,150000,AGRICULTURE - SHORT TERM,0,FARMER,0,0,1356312.980403346,B,200,0,80000,INDIVIDUAL- MALE,0,80000,CC,0,"{""member0"":""2018-06-30T00:00:00Z"",""member1"":null}",0,-1,0,0,1150000,STD,838744.0164565431,80000,1,80000,0,0,STD,1000000,0,17757944.526874457
TL - TO OTHR PRIOR,35,0,RURAL,26163.32,DATA / VALUE NOT PROVIDED,LIGHT COMMERCIAL VEHICLE,191667,191666.79,561,0,TAXI / CAR / TRAVEL AGENCY SERVICES,2741.8165798845084,GANDHINAGAR,16.75,0,DATA / VALUE NOT PROVIDED,191666.79,0,0,370,0,697159,SERVICES - MICRO ENTERPRISES,0,DATA / VALUE NOT PROVIDED,0,0,0,C,479,0,500000,INDIVIDUAL- MALE,0,500000,TL,0,"{""member0"":""2018-06-30T00:00:00Z"",""member1"":null}",0,0,0,0,697159,STD,50000,500000,1,500000,0,0,STD,0,0,0
TL - TO AGRICULTURE,36,0,RURAL,0,SC,ANY OTHER,535289,535289.2,450,0,OTH DIRECT AGRI FIN,2741.8165798845084,SOLAPUR,13.5,0,OTHERS,1611929.61,0,0,297,0,2200000,AGRICULTURE - LONG TERM,0,FARMER,0,0,0,C,1338,0,635256,INDIVIDUAL- MALE,0,600000,TL,0,"{""member0"":""2018-06-30T00:00:00Z"",""member1"":null}",0,0,0,0,1394735,STD,0,1708256,1,635256,0,0,STD,2000000,0,0
CC-AGRICULTURE ACTIVITIES,56,0,RURAL,0,CASTE NOT DECLARED,DKCC WITH INSURANCE,299331,299331,283,0,GROUNDNUT,0,PORBANDAR,7,0,HINDU,299331,0,11203,194,0,1200000,AGRICULTURE - SHORT TERM,0,FARMER,0,0,0,B,748,0,300000,INDIVIDUAL- MALE,264000,850000,CC,0,"{""member0"":""2018-06-30T00:00:00Z"",""member1"":null}",0,0,0,0,1200000,STD,0,300000,1,252000,0,0,STD,0,0,0
DL - TO AGRICULTURE,67,0,SEMI-URBAN,0,GENERAL,LOAN AGAINST BANK DEPOSITS,92948,92948,426,0,SUGARCANE,2741.8165798845084,SATARA,10.1,10,HINDU,578946,0,0,471,0,691441,AGRICULTURE - SHORT TERM,0,OTHERS,0,0,0,C,232,0,80000,INDIVIDUAL- MALE,0,80000,DL,0,"{""member0"":""2018-06-30T00:00:00Z"",""member1"":null}",0,0,0,0,111009,STD,0,542500,1,80000,104058,0,STD,0,0,0
CC-AGRICULTURE ACTIVITIES,47.3604653021062,0,RURAL,0,GENERAL,KISAN CREDIT CARD,292421,292421,283,0,COTTON,0,SABAR KANTHA,7,0,HINDU,292421,0,40910,194,78559,450000,AGRICULTURE - SHORT TERM,0,FARMER,0,0,0,B,731,0,300000,INDIVIDUAL- MALE,648484,300000,CC,1292328,"{""member0"":""2018-06-30T00:00:00Z"",""member1"":null}",0,102458.8109805402,0,0,450000,STD,0,300000,1,300000,0,0,STD,0,0,0
CC-AGRICULTURE ACTIVITIES,42,0,RURAL,0,OBC,KISAN CREDIT CARD,159320,159320,283,0,SUGARCANE,0,SOLAPUR,12,0,HINDU,159320,0,29271,194,47767,225000,AGRICULTURE - SHORT TERM,0,FARMER,0,0,0,B,398,0,125000,INDIVIDUAL- MALE,3302,125000,CC,331532,"{""member0"":""2018-06-30T00:00:00Z"",""member1"":null}",0,0,0,0,225000,STD,0,125000,1,125000,0,0,STD,0,0,0
CC-AGRICULTURE ACTIVITIES,47,0,RURAL,0,SC,KISAN CREDIT CARD,141346,141346,283,0,PADDY,0,KHEDA,7,0,HINDU,141346,0,26634,194,14077,600000,AGRICULTURE - SHORT TERM,0,FARMER,0,0,0,B,353,0,150000,INDIVIDUAL- MALE,429375,150000,CC,220010,"{""member0"":""2018-06-30T00:00:00Z"",""member1"":null}",0,0,0,0,1300000,STD,0,150000,1,200000,0,0,STD,700000,0,0
CC-AGRICULTURE ACTIVITIES,68,0,SEMI-URBAN,0,DATA / VALUE NOT PROVIDED,DKCC WITH INSURANCE,318839,318839.33,283,0,CROP LOAN FOR SEED CULTIVATION,0,SATARA,7,0,HINDU,318839.33,0,42915,194,171602,617000,AGRICULTURE - SHORT TERM,0,OTHERS,0,0,0,B,797,0,300000,INDIVIDUAL- MALE,1085295,300000,CC,3929038,"{""member0"":""2018-06-30T00:00:00Z"",""member1"":null}",0,0,0,0,617000,STD,0,300000,1,300000,0,0,STD,0,0,0
CC-AGRICULTURE ACTIVITIES,47,0,RURAL,0,CASTE NOT DECLARED,KISAN CREDIT CARD,0,0,283,0,COTTON,0,GANDHINAGAR,7,0,HINDU,8337,0,0,194,0,904000,AGRICULTURE - SHORT TERM,1,FARMER,0,0,0,B,0,0,40000,INDIVIDUAL- MALE,0,40000,CC,0,"{""member0"":""2018-06-30T00:00:00Z"",""member1"":null}",0,102458.8109805402,0,0,0,STD,50000,120000,1,40000,0,0,STD,0,0,0
DL - TO AGRICULTURE,47.3604653021062,0,RURAL,0,CASTE NOT DECLARED,KISAN TATTKAL SCHEME,29007,29006.56,399,0,SUGARCANE,2741.8165798845084,SOLAPUR,9.7,0,HINDU,623115.89,0,0,480,0,1150000,AGRICULTURE - SHORT TERM,0,FARMER,0,0,0,C,73,0,50000,INDIVIDUAL- FEMALE,0,50000,DL,0,"{""member0"":""2018-06-30T00:00:00Z"",""member1"":null}",0,-1,0,0,123360,STD,0,681143,1,50000,0,0,STD,0,0,0
TL - TO AGRICULTURE,51,0,RURAL,0,DATA / VALUE NOT PROVIDED,ANY OTHER,353075,353074.5,731,0,DUG WELLS,2741.8165798845084,NASHIK,10.2,0,DATA / VALUE NOT PROVIDED,672427.9,0,0,309,0,1750000,AGRICULTURE - LONG TERM,0,FARMER,0,0,0,C,883,0,300000,INDIVIDUAL- MALE,0,300000,TL,0,"{""member0"":""2018-06-30T00:00:00Z"",""member1"":null}",0,0,0,0,1969028,STD,0,550000,1,300000,0,0,STD,2000000,1,0
TL - TO AGRICULTURE,58,31525,SEMI-URBAN,31525,GENERAL,ANY OTHER,76522,118928,838,0,BANANA,2741.8165798845084,SATARA,10.5,0,HINDU,155416,0,0,339,0,100000,AGRICULTURE - LONG TERM,42406,FARMER,0,0,0,C,118928,1,90000,INDIVIDUAL- MALE,0,90000,TL,0,"{""member0"":""2018-06-30T00:00:00Z"",""member1"":null}",0,0,42406,0,76522,DB3,0,124294,5,90000,254566.47300702962,8444.205467885426,DB3,2035593.8648014432,1,0
TL - TO SSI,51,0,URBAN,0,GENERAL,ANY OTHER STATE GOVT. FUNDED SCHEME,100000,100000,226,0,TENT HOUSE,2741.8165798845084,GANDHINAGAR,0,0,HINDU,190484,0,0,287,0,600000,SERVICES - MICRO ENTERPRISES,0,BUSINESSMAN / TRADER,0,0,0,C,250,0,100000,INDIVIDUAL- MALE,0,85000,TL,0,"{""member0"":""2018-06-30T00:00:00Z"",""member1"":null}",0,0,0,0,314987,STD,25000,500000,1,100000,100000,0,STD,0,0,0
TL - TO AGRICULTURE,47,0,RURAL,0,CASTE NOT DECLARED,ANY OTHER,640853,640853.1,838,0,OTH DIRECT AGRI FIN,2741.8165798845084,SOLAPUR,10.6,0,HINDU,1555267.1,0,0,339,0,2000000,AGRICULTURE - LONG TERM,0,OTHERS,0,0,0,C,1602,0,570000,INDIVIDUAL- MALE,0,570000,TL,0,"{""member0"":""2018-06-30T00:00:00Z"",""member1"":null}",0,0,0,0,2884374,STD,0,1470000,1,570000,0,0,STD,5000000,0,0
CC-AGRICULTURE ACTIVITIES,23,0,RURAL,0,GENERAL,KISAN CREDIT CARD,218966,218965.5,283,0,TOBACCO,0,KHEDA,7,0,HINDU,218965.5,0,29596,194,0,350000,AGRICULTURE - SHORT TERM,0,DATA / VALUE NOT PROVIDED,0,0,0,B,547,0,300000,INDIVIDUAL- FEMALE,481478,226000,CC,0,"{""member0"":""2018-06-30T00:00:00Z"",""member1"":null}",0,-1,0,0,1550000,STD,0,300000,1,300000,0,0,STD,1200000,0,0
TL - TO AGRICULTURE,45,8443,SEMI-URBAN,8443,DATA / VALUE NOT PROVIDED,ANY OTHER,30043,30043,838,0,BORE WELL,2741.8165798845084,LATUR,13.25,0,DATA / VALUE NOT PROVIDED,57703,0,0,339,0,250000,AGRICULTURE - LONG TERM,0,DATA / VALUE NOT PROVIDED,0,0,0,C,12017,1,36000,INDIVIDUAL- MALE,0,36000,TL,0,"{""member0"":""2018-06-30T00:00:00Z"",""member1"":null}",0,0,0,0,130162,DB2,0,60000,4,36000,0,0,DB2,0,1,0
CC-AGRICULTURE ACTIVITIES,69,0,RURAL,0,CASTE NOT DECLARED,KISAN CREDIT CARD,330000,519876.23,283,0,VEGETABLES-MIXED,0,GANDHINAGAR,11,0,OTHERS,519876.23,0,42624,194,116861,330000,AGRICULTURE - SHORT TERM,189876,FARMER,0,0,0,B,1300,0,732000,INDIVIDUAL- MALE,357383,500000,CC,1730334,"{""member0"":""2018-06-30T00:00:00Z"",""member1"":null}",0,0,475,0,330000,STD,0,732000,1,330000,0,0,STD,0,0,0
TL - TO AGRICULTURE,53,0,RURAL,0,DATA / VALUE NOT PROVIDED,ANY OTHER,743879,743879,731,0,COTTON,2741.8165798845084,SOLAPUR,12,0,HINDU,989067,0,0,309,0,4500000,AGRICULTURE - LONG TERM,0,OTHERS,0,0,1356312.980403346,C,1860,0,1250000,INDIVIDUAL- MALE,0,1250000,TL,0,"{""member0"":""2018-06-30T00:00:00Z"",""member1"":null}",0,0,0,0,3384458,STD,838744.0164565431,2250000,1,1250000,0,0,STD,0,0,17757944.526874457
OD-TRADE AND SERVICES,47.3604653021062,0,SEMI-URBAN,0,DATA / VALUE NOT PROVIDED,DENA GENERAL CREDIT CARD,0,25174,220,0,INDIRECT FINANCE TO AGRICULTURE,0,RAJKOT,15.5,0,HINDU,25174,0,7683,231,11130,37674386.13940598,AGRICULTURE - LONG TERM,25174,BUSINESSMAN / TRADER,0,0,0,B,63,0,25000,OTHER,20800,25000,OD,30500,"{""member0"":""2018-06-30T00:00:00Z"",""member1"":null}",0,0,63,0,0,STD,0,25000,1,25000,254566.47300702962,8444.205467885426,STD,2035593.8648014432,0,0
CC-AGRICULTURE ACTIVITIES,64,0,SEMI-URBAN,0,DATA / VALUE NOT PROVIDED,KISAN CREDIT CARD,34698,34698,283,0,SUGARCANE,0,LATUR,7,0,DATA / VALUE NOT PROVIDED,34698,0,0,194,6877,250000,AGRICULTURE - SHORT TERM,0,DATA / VALUE NOT PROVIDED,0,0,0,B,8674,1,35000,INDIVIDUAL- MALE,0,35000,CC,322,"{""member0"":""2018-06-30T00:00:00Z"",""member1"":null}",0,0,0,0,250000,DB1,0,35000,3,35000,0,0,DB1,0,1,0
CC-AGRICULTURE ACTIVITIES,73,0,SEMI-URBAN,0,GENERAL,KISAN CREDIT CARD,0,0,283,0,VEGETABLES-MIXED,0,GANDHINAGAR,7,0,HINDU,0,0,0,194,0,4500000,AGRICULTURE - SHORT TERM,1,FARMER,0,0,0,B,0,0,650000,INDIVIDUAL- FEMALE,0,650000,CC,0,"{""member0"":""2018-06-30T00:00:00Z"",""member1"":null}",0,0,0,0,0,STD,0,650000,1,650000,0,0,STD,0,0,0
CC-RETAIL,47.3604653021062,5858,SEMI-URBAN,0,DATA / VALUE NOT PROVIDED,TRADE FINANCE SCHEME,5859,5858,779,0,ANY OTHER TYPE OF RTL TRADE,0,KOLHAPUR,12.75,20,HINDU,5858,0,0,191,0,100000,OTHER PRIORITY SECTOR,0,OTHERS,0,0,0,B,5859,1,100000,PROPRIETORSHIP,0,100000,CC,0,"{""member0"":""2018-06-30T00:00:00Z"",""member1"":null}",0,586,0,0,100000,DB3,150000,100000,5,100000,0,0,DB3,0,1,150000
CC-AGRICULTURE ACTIVITIES,56,0,RURAL,0,GENERAL,KISAN CREDIT CARD,146615,146615,283,0,COTTON,0,KHEDA,7,0,HINDU,146615,0,31245,194,23784,400000,AGRICULTURE - SHORT TERM,0,DATA / VALUE NOT PROVIDED,0,0,0,B,367,0,147000,INDIVIDUAL- MALE,188430,147000,CC,174000,"{""member0"":""2018-06-30T00:00:00Z"",""member1"":null}",0,0,0,0,2700000,STD,0,147000,1,150000,0,0,STD,2300000,0,0
CC-AGRICULTURE ACTIVITIES,52,0,SEMI-URBAN,0,GENERAL,KISAN CREDIT CARD,0,0,283,0,SUGARCANE,0,LATUR,12.25,0,HINDU,0,0,0,194,0,100000,AGRICULTURE - SHORT TERM,1,DATA / VALUE NOT PROVIDED,0,0,0,B,0,0,72000,INDIVIDUAL- FEMALE,0,72000,CC,0,"{""member0"":""2018-06-30T00:00:00Z"",""member1"":null}",0,0,0,0,0,STD,0,72000,1,72000,0,0,STD,0,0,0
TL - TO SSI,56,0,SEMI-URBAN,0,CASTE NOT DECLARED,PMMY,132939,132939.09,1076,0,AUTO RICKSHAWS,2741.8165798845084,GANDHINAGAR,10.3,0,MUSLIM,132939.09,0,0,729,0,176000,SERVICES - MICRO ENTERPRISES,0,DAILY WAGES & SELF EARNER,0,0,0,C,332,0,138000,INDIVIDUAL- MALE,0,138000,TL,0,"{""member0"":""2018-06-30T00:00:00Z"",""member1"":null}",0,0,0,0,176000,STD,50000,138000,1,138000,0,0,STD,0,1,50000
CC-SSI,47.3604653021062,0,METROPOLITAN,0,DATA / VALUE NOT PROVIDED,ANY OTHER,2508201,2508201.32,270,30000,MANUFACTURE OF OTHER MACHINERY,0,PUNE,16.25,0,DATA / VALUE NOT PROVIDED,3443755.32,0,69600,179,44107,17181440,OTHER PRIORITY SECTOR,0,DATA / VALUE NOT PROVIDED,0,0,0,B,6271,0,6000000,PARTNERSHIP,7465133,6008705,CC,7479644,"{""member0"":""2018-06-30T00:00:00Z"",""member1"":null}",0,0,0,0,25628572,STD,0,8343000,1,5000000,0,0,STD,5900000,0,8700000
OD-AGRICULTURE ACTIVITIES,41,0,URBAN,0,DATA / VALUE NOT PROVIDED,DATA / VALUE NOT PROVIDED,0,903022,405,0,LOAN FOR OTHER FARM CROPS,0,SOLAPUR,11,0,DATA / VALUE NOT PROVIDED,903022,0,180857,255,143058,37674386.13940598,AGRICULTURE - SHORT TERM,903022,OTHERS,0,0,0,B,903022,1,750000,INDIVIDUAL- MALE,41500,750000,OD,0,"{""member0"":""2018-06-30T00:00:00Z"",""member1"":null}",0,0,903022,0,0,LOS,0,750000,6,750000,254566.47300702962,8444.205467885426,LOS,2035593.8648014432,1,0
TL - TO AGRICULTURE,46,0,SEMI-URBAN,13689,DATA / VALUE NOT PROVIDED,ANY OTHER,9198,9198,307,0,GOAT REARING,2741.8165798845084,LATUR,12.25,0,DATA / VALUE NOT PROVIDED,9198,0,0,294,0,25000,AGRICULTURE - LONG TERM,0,DATA / VALUE NOT PROVIDED,0,0,0,C,9198,1,21300,INDIVIDUAL- FEMALE,0,21300,TL,0,"{""member0"":""2018-06-30T00:00:00Z"",""member1"":null}",0,1762,0,0,25000,DB3,0,21300,5,21300,0,0,DB3,0,1,0
TL - TO OTHR PRIOR,52,22453,URBAN,71021.79,DATA / VALUE NOT PROVIDED,ANY OTHER,104353,104352,561,0,AUTO RICKSHAWS – 6 SEATER,2741.8165798845084,GANDHINAGAR,12.8,0,DATA / VALUE NOT PROVIDED,104352,0,0,370,0,164950,SERVICES - MEDIUM ENTERPRISES-NPS,0,DATA / VALUE NOT PROVIDED,0,0,0,C,104353,1,126000,INDIVIDUAL- MALE,0,126000,TL,0,"{""member0"":""2018-06-30T00:00:00Z"",""member1"":null}",0,117,0,0,164950,DB3,146950,126000,5,126000,0,0,DB3,0,1,0
TL - TO SSI,35,0,METROPOLITAN,0,DATA / VALUE NOT PROVIDED,LIGHT COMMERCIAL VEHICLE,747099,747099,1123,0,PRIORITY SECTOR OTHERS,2741.8165798845084,PUNE,12.55,0,DATA / VALUE NOT PROVIDED,1138640.58,0,0,773,0,2312153,OTHER PRIORITY SECTOR,0,DATA / VALUE NOT PROVIDED,0,0,0,C,1868,0,1110000,INDIVIDUAL- FEMALE,0,1110000,TL,0,"{""member0"":""2018-06-30T00:00:00Z"",""member1"":null}",0,0,0,0,2396296,STD,754000,1860000,1,1110000,0,0,STD,1340000,0,0
DL - TO AGRICULTURE,36,0,RURAL,0,GENERAL,IRDP(MI),16271,16270.9,399,0,FARM IRRIGATION (MISCELLANEOUS (MI)),2741.8165798845084,KHEDA,9.7,0,HINDU,320684.2,0,0,480,0,1490000,AGRICULTURE - LONG TERM,0,FARMER,0,0,0,C,41,0,50000,INDIVIDUAL- MALE,0,50000,DL,0,"{""member0"":""2018-06-30T00:00:00Z"",""member1"":null}",0,0,0,0,145872,STD,0,385000,1,50000,0,0,STD,0,0,0
TL - - RETAIL SCHEMES,38,0,METROPOLITAN,0,DATA / VALUE NOT PROVIDED,DENA NIVAS,987146,987146,183,0,PURCHASE OF HOUSE/ FLAT/ APARTMENT ETC,2741.8165798845084,PUNE,9.7,0,DATA / VALUE NOT PROVIDED,987146,0,0,387,0,2100000,HOUSING - PS,0,DATA / VALUE NOT PROVIDED,0,0,0,C,3949,0,1200000,INDIVIDUAL- MALE,0,1200000,TL,0,"{""member0"":""2018-06-30T00:00:00Z"",""member1"":null}",0,0,0,0,2100000,STD,0,1200000,1,1200000,0,0,STD,0,0,0
TL - TO OTHR PRIOR,35,0,RURAL,0,GENERAL,ANY OTHER,317052,603631,139,0,MANU. OF PERSONAL CARE PRODUCTS – TOILET SOAPS,2741.8165798845084,GANDHINAGAR,9.85,0,HINDU,686847,0,0,355,0,360761,MANUFACTURING - MICRO ENTERPRISES,286579,FARMER,0,0,0,C,1509,0,680220,INDIVIDUAL- MALE,0,680220,TL,0,"{""member0"":""2018-06-30T00:00:00Z"",""member1"":null}",0,0,716,0,317052,STD,0,880220,1,680220,254566.47300702962,8444.205467885426,STD,2035593.8648014432,0,0
CC-AGRICULTURE ACTIVITIES,47,0,RURAL,0,DATA / VALUE NOT PROVIDED,KISAN CREDIT CARD,791402.1273820571,993,283,0,SUGARCANE,0,SOLAPUR,12,0,DATA / VALUE NOT PROVIDED,17991,20682.671414320288,0,194,0,275000,AGRICULTURE - SHORT TERM,0,DATA / VALUE NOT PROVIDED,0,0,0,B,2,0,80000,INDIVIDUAL- MALE,0,80000,CC,0,"{""member0"":""2018-06-30T00:00:00Z"",""member1"":null}",0,0,0,0,14232702.453512255,STD,0,164000,1,80000,0,0,STD,0,1,0
CC-AGRICULTURE ACTIVITIES,55,0,SEMI-URBAN,0,GENERAL,KISAN CREDIT CARD,219207,219207.28,283,0,GROUNDNUT,0,RAJKOT,9.728205136408748,0,HINDU,219207.28,0,25210,194,23806,174000,AGRICULTURE - SHORT TERM,0,FARMER,0,0,0,B,548,0,220000,INDIVIDUAL- MALE,458001,220000,CC,436060,"{""member0"":""2018-06-30T00:00:00Z"",""member1"":null}",0,0,0,0,544000,STD,0,220000,1,220000,0,0,STD,370000,0,0
CC-AGRICULTURE ACTIVITIES,34,0,RURAL,0,DATA / VALUE NOT PROVIDED,KISAN CREDIT CARD,0,0,283,0,SUGARCANE,0,SOLAPUR,9.728205136408748,0,DATA / VALUE NOT PROVIDED,0,0,0,194,0,500000,AGRICULTURE - SHORT TERM,1,FARMER,0,0,0,B,0,0,45000,INDIVIDUAL- MALE,0,45000,CC,0,"{""member0"":""2018-06-30T00:00:00Z"",""member1"":null}",0,0,0,0,0,STD,0,45000,1,45000,0,0,STD,0,0,0
CC-AGRICULTURE ACTIVITIES,65,0,RURAL,0,DATA / VALUE NOT PROVIDED,KISAN CREDIT CARD,367057,367057,283,0,COTTON,0,SABAR KANTHA,13.25,0,HINDU,367057,0,0,194,142409,600000,AGRICULTURE - SHORT TERM,0,OTHERS,0,0,0,B,146823,1,300000,INDIVIDUAL- MALE,0,300000,CC,369500,"{""member0"":""2018-06-30T00:00:00Z"",""member1"":null}",0,0,0,0,600000,DB2,0,300000,4,300000,0,0,DB2,0,1,0
TL - - RETAIL SCHEMES,58,0,METROPOLITAN,0,GENERAL,DENA NIVAS,4136505,4136504.68,183,0,PURCHASE OF HOUSE/ FLAT/ APARTMENT ETC,2741.8165798845084,PUNE,9.7,0,HINDU,4136504.68,0,0,387,0,8900000,HOUSING - NPS,0,DATA / VALUE NOT PROVIDED,0,0,0,C,16546,0,5000000,INDIVIDUAL- MALE,0,5000000,TL,0,"{""member0"":""2018-06-30T00:00:00Z"",""member1"":null}",0,0,0,0,8900000,STD,0,5000000,1,5000000,0,0,STD,0,0,0
OD-TRADE AND SERVICES,47.3604653021062,0,RURAL,0,ST,DENA GENERAL CREDIT CARD,9500,9500,220,0,OTHER CASH CROPS,0,CHHOTAUDEPUR,12,0,HINDU,9500,0,0,231,0,25000,AGRICULTURE - SHORT TERM,9500,FARMER,0,0,0,B,9500,1,25000,INDIVIDUAL- MALE,0,25000,OD,10500,"{""member0"":""2018-06-30T00:00:00Z"",""member1"":null}",0,102458.8109805402,9500,0,25000,LOS,0,25000,6,25000,0,0,LOS,0,1,0
CC-AGRICULTURE ACTIVITIES,38,0,RURAL,0,DATA / VALUE NOT PROVIDED,KISAN CREDIT CARD,130643,130643,283,0,SUGARCANE,0,SOLAPUR,10,0,DATA / VALUE NOT PROVIDED,130643,0,27716,194,57852,500000,AGRICULTURE - SHORT TERM,0,DATA / VALUE NOT PROVIDED,0,0,0,B,327,0,100000,INDIVIDUAL- MALE,1507,100000,CC,232877,"{""member0"":""2018-06-30T00:00:00Z"",""member1"":null}",0,0,0,0,500000,STD,0,100000,1,100000,0,0,STD,0,0,0
CC-AGRICULTURE ACTIVITIES,47,0,RURAL,0,OBC,KISAN CREDIT CARD,0,59871.15,283,0,COTTON,0,GANDHINAGAR,7,0,HINDU,59871.15,0,11427,194,29674,37674386.13940598,AGRICULTURE - SHORT TERM,59871,FARMER,0,0,0,B,150,0,60000,INDIVIDUAL- MALE,135357,60000,CC,86000,"{""member0"":""2018-06-30T00:00:00Z"",""member1"":null}",0,0,150,0,0,STD,0,60000,1,50000,254566.47300702962,8444.205467885426,STD,2035593.8648014432,0,0
TL - TO SSI,47.3604653021062,0,METROPOLITAN,0,GENERAL,PMMY,378380,378380,1078,0,ALLIED PRINTING ACTIVITIES,2741.8165798845084,PUNE,10.25,0,OTHERS,378380,0,0,733,0,2052570,SERVICES - MICRO ENTERPRISES,0,OTHER SERVICE PROVIDER,0,0,0,C,946,0,400000,PROPRIETORSHIP,0,400000,TL,0,"{""member0"":""2018-06-30T00:00:00Z"",""member1"":null}",0,0,0,0,2052565,STD,100,600000,1,400000,0,0,STD,0,0,100000
CC-AGRICULTURE ACTIVITIES,42,0,SEMI-URBAN,0,DATA / VALUE NOT PROVIDED,KISAN CREDIT CARD,791402.1273820571,7546.6,283,0,COTTON,0,NANDED,7,0,DATA / VALUE NOT PROVIDED,7546.6,20682.671414320288,0,194,0,700000,AGRICULTURE - SHORT TERM,0,DATA / VALUE NOT PROVIDED,0,0,0,B,19,0,75000,INDIVIDUAL- MALE,0,52000,CC,0,"{""member0"":""2018-06-30T00:00:00Z"",""member1"":null}",0,0,0,0,14232702.453512255,STD,0,75000,1,75000,0,0,STD,0,1,0
DL - TO AGRICULTURE,53,0,RURAL,0,DATA / VALUE NOT PROVIDED,DATA / VALUE NOT PROVIDED,57354,57354,426,0,SUGARCANE,2741.8165798845084,SOLAPUR,9.75,10,DATA / VALUE NOT PROVIDED,57354,0,0,471,0,61964,AGRICULTURE - SHORT TERM,0,DATA / VALUE NOT PROVIDED,0,0,0,C,143,0,40000,INDIVIDUAL- FEMALE,0,40000,DL,0,"{""member0"":""2018-06-30T00:00:00Z"",""member1"":null}",0,0,0,0,61964,STD,0,40000,1,40000,61964,0,STD,0,0,0
CC-AGRICULTURE ACTIVITIES,38,0,RURAL,0,GENERAL,KISAN CREDIT CARD,155293,155293,283,0,COTTON,0,GANDHINAGAR,7,0,OTHERS,155293,0,5293,194,0,150000,AGRICULTURE - SHORT TERM,0,DATA / VALUE NOT PROVIDED,0,0,0,B,388,0,150000,INDIVIDUAL- MALE,0,150000,CC,0,"{""member0"":""2018-06-30T00:00:00Z"",""member1"":null}",0,-1,0,0,603000,STD,0,150000,1,150000,0,0,STD,453000,0,0
OD-RETAIL,41,0,SEMI-URBAN,0,CASTE NOT DECLARED,LOAN AGAINST BANK DEPOSITS,89104,89103.5,576,0,LOANS AGAINST BANK'S OWN DEPOSITS,0,KOLHAPUR,8,10,HINDU,89103.5,0,463,241,1143,111588,OTHER NON PRIORITY SECTOR,0,FARMER,0,0,0,B,356,0,90000,INDIVIDUAL- MALE,50000,90000,OD,100650,"{""member0"":""2018-06-30T00:00:00Z"",""member1"":null}",0,0,0,0,111588,STD,0,90000,1,90000,111588,0,STD,0,0,0
DL - TO RETAIL SECTOR,50,0,METROPOLITAN,0,SC,LOAN AGAINST BANK DEPOSITS,10207,10207,851,0,LOAN FOR OTHER FARM CROPS,2741.8165798845084,SURAT,10.75,10,HINDU,437298.5,0,0,504,0,1000000,AGRICULTURE - SHORT TERM,0,DATA / VALUE NOT PROVIDED,0,0,0,C,26,0,170000,INDIVIDUAL- MALE,0,0,DL,0,"{""member0"":""2018-06-30T00:00:00Z"",""member1"":null}",0,0,0,0,23341,STD,0,500000,1,170000,254566.47300702962,8444.205467885426,STD,2035593.8648014432,0,0
TL - TO AGRICULTURE,69,64468,RURAL,40735.28,SC,ANY OTHER,64468,64468,731,0,LAYING OF PIPELINES,2741.8165798845084,SOLAPUR,10.5,0,OTHERS,604262.72,0,0,309,0,850000,AGRICULTURE - LONG TERM,0,DATA / VALUE NOT PROVIDED,0,0,0,C,161,0,80000,INDIVIDUAL- MALE,0,80000,TL,0,"{""member0"":""2018-06-30T00:00:00Z"",""member1"":null}",0,0,0,0,90685,STD,0,675000,1,80000,0,0,STD,0,0,0
CC-AGRICULTURE ACTIVITIES,59,0,RURAL,0,GENERAL,KISAN CREDIT CARD,291150,291149.77,283,0,COTTON,0,GANDHINAGAR,11,0,HINDU,291149.77,0,39570,194,79991,700000,AGRICULTURE - SHORT TERM,0,OTHERS,0,0,0,B,728,0,500000,INDIVIDUAL- MALE,1041018,500000,CC,1393366,"{""member0"":""2018-06-30T00:00:00Z"",""member1"":null}",0,0,0,0,700000,STD,0,500000,1,500000,0,0,STD,0,0,0
CC-AGRICULTURE ACTIVITIES,28,0,RURAL,0,CASTE NOT DECLARED,KISAN CREDIT CARD,85316,85316,283,0,SUGARCANE,0,SOLAPUR,12,0,OTHERS,85316,0,15147,194,12044,150000,AGRICULTURE - SHORT TERM,0,DATA / VALUE NOT PROVIDED,0,0,0,B,213,0,70000,INDIVIDUAL- MALE,1195,70000,CC,131710,"{""member0"":""2018-06-30T00:00:00Z"",""member1"":null}",0,0,0,0,150000,STD,0,70000,1,63000,0,0,STD,0,0,0
CC-AGRICULTURE ACTIVITIES,47,0,RURAL,0,DATA / VALUE NOT PROVIDED,KISAN CREDIT CARD,279762,279762.04,283,0,GROUNDNUT,0,PORBANDAR,7,0,HINDU,279762.04,0,34881,194,64917,550000,AGRICULTURE - SHORT TERM,0,OTHERS,0,0,0,B,699,0,280000,INDIVIDUAL- FEMALE,559000,280000,CC,951287,"{""member0"":""2018-06-30T00:00:00Z"",""member1"":null}",0,-1,0,0,8910000,STD,0,280000,1,280000,0,0,STD,8360000,0,0
CC-RETAIL,47.3604653021062,0,RURAL,0,CASTE NOT DECLARED,TRADE FINANCE SCHEME,503669,503668.95,779,0,TRADING/ DISTRI. OF FERTILIZERS,0,SOLAPUR,11.55,0,HINDU,503668.95,0,16412,191,323030,1137980,SERVICES - MICRO ENTERPRISES,0,DATA / VALUE NOT PROVIDED,0,0,0,B,1259,0,900000,PROPRIETORSHIP,2324800,900000,CC,21882918,"{""member0"":""2018-06-30T00:00:00Z"",""member1"":null}",0,0,0,0,1137980,STD,2400000,900000,1,900000,0,0,STD,0,0,0
CC-AGRICULTURE ACTIVITIES,47.3604653021062,0,RURAL,0,DATA / VALUE NOT PROVIDED,DATA / VALUE NOT PROVIDED,0,18018,206,0,GROWING OF CEREALS,0,GANDHINAGAR,10,0,DATA / VALUE NOT PROVIDED,18018,0,7211,198,8239,37674386.13940598,AGRICULTURE - LONG TERM,18018,DATA / VALUE NOT PROVIDED,0,0,0,B,45,0,100000,SHG WOMEN-DIRECT,319415,100000,CC,236375,"{""member0"":""2018-06-30T00:00:00Z"",""member1"":null}",0,0,45,0,0,STD,0,100000,1,100000,254566.47300702962,8444.205467885426,STD,2035593.8648014432,0,0
TL - - RETAIL SCHEMES,22,0,RURAL,0,DATA / VALUE NOT PROVIDED,VIDYA LAXMI,0,194939.8,856,0,EDU LOAN FOR AGRICULTURE,2741.8165798845084,SOLAPUR,11.55,0,DATA / VALUE NOT PROVIDED,194939.8,0,0,393,0,37674386.13940598,EDUCATION,194940,DATA / VALUE NOT PROVIDED,0,0,1356312.980403346,C,780,0,228000,INDIVIDUAL- MALE,0,228000,TL,0,"{""member0"":""2018-06-30T00:00:00Z"",""member1"":null}",0,0,780,0,0,STD,838744.0164565431,228000,1,228000,254566.47300702962,8444.205467885426,STD,2035593.8648014432,0,17757944.526874457
CC-AGRICULTURE ACTIVITIES,64,0,RURAL,0,OBC,KISAN CREDIT CARD,255895,255895,283,0,PADDY,0,KHEDA,7,0,MUSLIM,275895.02,0,36017,194,46249,1381090,AGRICULTURE - SHORT TERM,0,FARMER,0,0,0,B,640,0,300000,INDIVIDUAL- MALE,574161,260000,CC,707546,"{""member0"":""2018-06-30T00:00:00Z"",""member1"":null}",0,0,0,0,13570462,STD,0,340000,1,286000,0,0,STD,13250000,0,0
TL - - RETAIL SCHEMES,50,8647,URBAN,33172,DATA / VALUE NOT PROVIDED,DENA NIVAS,180100,180100,183,0,CONSTRUCTION OF HOUSE,2741.8165798845084,KOLHAPUR,10.95,0,HINDU,180100,0,0,387,0,300000,HOUSING - PS,0,OTHERS,0,0,0,C,180100,1,200000,INDIVIDUAL- MALE,0,200000,TL,0,"{""member0"":""2018-06-30T00:00:00Z"",""member1"":null}",0,0,0,0,300000,DB3,0,200000,5,200000,0,0,DB3,0,1,0
OD STAFF,29,0,RURAL,0,GENERAL,STAFF CONSUMER LOAN,30109,30109.03,741,0,STAFF- OTHER PERSONAL LOANS,0,GANDHINAGAR,9,0,HINDU,330086.03,0,1319,247,1705,538000,OTHER NON PRIORITY SECTOR,0,DATA / VALUE NOT PROVIDED,0,0,0,B,120,0,125000,INDIVIDUAL- MALE,83299,125000,OD,132961,"{""member0"":""2018-06-30T00:00:00Z"",""member1"":null}",0,0,0,0,49074,STD,0,425000,1,125000,254566.47300702962,8444.205467885426,STD,2035593.8648014432,0,0
CC-AGRICULTURE ACTIVITIES,65,0,RURAL,0,GENERAL,KISAN CREDIT CARD,163525,163525,198,0,SUGARCANE,0,KOLHAPUR,7,0,HINDU,163525,0,12410,206,0,400000,AGRICULTURE - SHORT TERM,0,DAILY WAGES & SELF EARNER,0,0,0,B,409,0,222000,INDIVIDUAL- MALE,166885,166000,CC,0,"{""member0"":""2018-06-30T00:00:00Z"",""member1"":null}",0,0,0,0,400000,STD,0,222000,1,222000,0,0,STD,0,0,0
TL - TO AGRICULTURE,57,0,SEMI-URBAN,0,CASTE NOT DECLARED,DENA VEHICLE LOAN,28084,28083.5,481,0,VEHICLE FOR TRANSPORTATION OF AGRL. PRODUCE / FARM TRANSPORT VEHICLE,2741.8165798845084,PATAN,9.95,0,HINDU,66557.53,0,0,312,0,37674386.13940598,AGRICULTURE - LONG TERM,0,OTHERS,0,0,0,C,70,0,39000,INDIVIDUAL- MALE,0,39000,TL,0,"{""member0"":""2018-06-30T00:00:00Z"",""member1"":null}",0,-1,0,0,42194,STD,0,79000,1,39000,254566.47300702962,8444.205467885426,STD,2035593.8648014432,0,0
CC-AGRICULTURE ACTIVITIES,54,0,URBAN,0,CASTE NOT DECLARED,KISAN CREDIT CARD,226153,226153.4,198,0,SUGARCANE,0,KOLHAPUR,7,0,HINDU,243071.86,0,29102,206,58946,1306250,AGRICULTURE - SHORT TERM,0,FARMER,0,0,0,B,565,0,200000,INDIVIDUAL- MALE,2876,200000,CC,918650,"{""member0"":""2018-06-30T00:00:00Z"",""member1"":null}",0,0,0,0,1215331,STD,0,245000,1,200000,0,0,STD,0,0,0
CC-AGRICULTURE ACTIVITIES,39,0,RURAL,0,DATA / VALUE NOT PROVIDED,DENA KIASN CRESDIT CARD– PAIS,0,59110,283,0,COTTON,0,GANDHINAGAR,7,0,DATA / VALUE NOT PROVIDED,59110,0,5512,194,3690,0,AGRICULTURE - SHORT TERM,59110,DATA / VALUE NOT PROVIDED,0,0,0,B,8866,1,50000,INDIVIDUAL- FEMALE,0,50000,CC,53800,"{""member0"":""2018-06-30T00:00:00Z"",""member1"":null}",0,0,8867,0,0,SUB,0,50000,2,50000,0,0,SUB,0,1,0
TL - TO SSI,47.3604653021062,920755,URBAN,4389951,OBC,ANY OTHER,11451111,11451111,819,0,POWER LOOMS,2741.8165798845084,KOLHAPUR,13.1,0,HINDU,11451111,0,0,286,0,8000000,SERVICES - MICRO ENTERPRISES-NPS,0,MANUFACTURER,0,0,0,C,11451111,1,12483000,JOINT FAMILIES / HUF,0,12483000,TL,0,"{""member0"":""2018-06-30T00:00:00Z"",""member1"":null}",0,0,0,0,18200000,DB3,0,12483000,5,12483000,0,0,DB3,10200000,1,4415000
DL - TO AGRICULTURE,43,0,SEMI-URBAN,0,CASTE NOT DECLARED,LOAN AGAINST BANK DEPOSITS,862077,862077,426,0,SUGARCANE,2741.8165798845084,SURAT,9.728205136408748,10,HINDU,949365,0,0,471,0,1052443,AGRICULTURE - SHORT TERM,0,SALARIED OTHERS (WAGE AND SALARY EARNER),0,0,0,C,2155,0,850000,INDIVIDUAL- MALE,0,857198.7,DL,0,"{""member0"":""2018-06-30T00:00:00Z"",""member1"":null}",0,-1,0,0,955678,STD,0,937000,1,850000,952443,0,STD,0,0,0
TL - - RETAIL SCHEMES,46,0,URBAN,77983,CASTE NOT DECLARED,DENA NIVAS,200508,200508,183,0,PURCHASE OF HOUSE/ FLAT/ APARTMENT ETC,2741.8165798845084,KOLHAPUR,10.95,0,HINDU,200508,0,0,387,0,400000,HOUSING - PS,0,SALARIED PUBLIC LIMITED COMPANY,0,0,0,C,50127,1,250000,INDIVIDUAL- MALE,0,250000,TL,0,"{""member0"":""2018-06-30T00:00:00Z"",""member1"":null}",0,0,0,0,400000,DB1,0,250000,3,250000,0,0,DB1,0,1,0
CC-AGRICULTURE ACTIVITIES,41,0,RURAL,0,DATA / VALUE NOT PROVIDED,DENA KIASN CRESDIT CARD– PAIS,170000,190779,283,0,COTTON,0,GANDHINAGAR,7,0,DATA / VALUE NOT PROVIDED,190779,0,0,194,21616,170000,AGRICULTURE - SHORT TERM,20779,DATA / VALUE NOT PROVIDED,0,0,0,B,47695,1,170000,INDIVIDUAL- MALE,961,170000,CC,0,"{""member0"":""2018-06-30T00:00:00Z"",""member1"":null}",0,0,20779,0,170000,DB1,0,170000,3,170000,0,0,DB1,0,1,0
TL - TO SSI,47.3604653021062,22842,URBAN,328859.48,DATA / VALUE NOT PROVIDED,COLLATERAL FREE LOANS UNDER SSI,1542641,1542641,226,0,POWER LOOMS,2741.8165798845084,KOLHAPUR,13.3,0,DATA / VALUE NOT PROVIDED,2042259,0,0,287,0,2734537,MANUFACTURING - MICRO ENTERPRISES,0,DATA / VALUE NOT PROVIDED,0,0,0,C,1542641,1,1500000,PROPRIETORSHIP,0,1500000,TL,0,"{""member0"":""2018-06-30T00:00:00Z"",""member1"":null}",0,0,0,0,2065560,DB3,0,2000000,5,1500000,0,0,DB3,0,1,2004000
CC-AGRICULTURE ACTIVITIES,65,0,RURAL,0,GENERAL,KISAN CREDIT CARD,298639,298638.96,283,0,COTTON,0,MORBI,7,0,HINDU,298638.96,0,19547,194,0,800000,AGRICULTURE - SHORT TERM,0,DATA / VALUE NOT PROVIDED,0,0,0,B,747,0,299000,INDIVIDUAL- MALE,306500,299000,CC,0,"{""member0"":""2018-06-30T00:00:00Z"",""member1"":null}",0,0,0,0,800000,STD,0,299000,1,285000,0,0,STD,0,0,0
TL - - RETAIL SCHEMES,42,0,URBAN,58475.24,CASTE NOT DECLARED,DENA NIVAS,74008,74008,183,0,PURCHASE OF HOUSE/ FLAT/ APARTMENT ETC,2741.8165798845084,KOLHAPUR,10.95,0,HINDU,74008,0,0,387,0,300000,HOUSING - PS,0,OTHERS,0,0,0,C,18502,1,200000,INDIVIDUAL- MALE,0,200000,TL,0,"{""member0"":""2018-06-30T00:00:00Z"",""member1"":null}",0,0,0,0,300000,DB1,0,200000,3,200000,0,0,DB1,0,1,0
CC-AGRICULTURE ACTIVITIES,39,0,RURAL,0,DATA / VALUE NOT PROVIDED,DENA KIASN CRESDIT CARD– PAIS,0,53598,283,0,COTTON,0,GANDHINAGAR,7,0,DATA / VALUE NOT PROVIDED,53598,0,0,194,3690,0,AGRICULTURE - SHORT TERM,53598,DATA / VALUE NOT PROVIDED,0,0,0,B,23598,1,50000,INDIVIDUAL- MALE,0,50000,CC,53800,"{""member0"":""2018-06-30T00:00:00Z"",""member1"":null}",0,0,53598,0,0,DB2,0,50000,4,50000,0,0,DB2,0,1,0
CC-AGRICULTURE ACTIVITIES,55,0,SEMI-URBAN,0,DATA / VALUE NOT PROVIDED,KISAN CREDIT CARD,1265,1265,283,0,SUGARCANE,0,LATUR,7,0,HINDU,2305,0,0,194,0,31500,AGRICULTURE - SHORT TERM,0,OTHERS,0,0,0,B,1265,1,21500,INDIVIDUAL- MALE,0,0,CC,30752,"{""member0"":""2018-06-30T00:00:00Z"",""member1"":null}",0,14222,0,15915,127038,DB3,0,51500,5,21500,0,0,DB3,100000,1,0
CC-RETAIL,55,0,SEMI-URBAN,0,GENERAL,TRADE FINANCE SCHEME,1583934,1583933.72,779,0,GENERAL MERCHANT,0,KHEDA,13.3,0,HINDU,2023081.72,0,31092,191,26619,3622197,SERVICES - MICRO ENTERPRISES,0,BUSINESSMAN / TRADER,0,0,0,B,3960,0,1800000,INDIVIDUAL- MALE,6325850,1800000,CC,6591285,"{""member0"":""2018-06-30T00:00:00Z"",""member1"":null}",0,0,0,0,12858194,STD,900000,2384000,1,900000,0,0,STD,12800950,0,0
TL - - RETAIL SCHEMES,31,11552,URBAN,11795,CASTE NOT DECLARED,VIDYA LAXMI,19079,19079,856,0,EDU LOAN FOR ENGINEERING,2741.8165798845084,KOLHAPUR,13.55,0,HINDU,19079,0,0,393,0,37674386.13940598,EDUCATION,19079,OTHERS,0,0,0,C,19079,1,21600,INDIVIDUAL- MALE,0,21600,TL,0,"{""member0"":""2018-06-30T00:00:00Z"",""member1"":null}",0,0,19079,0,25000,LOS,0,21600,6,21600,0,0,LOS,25000,1,0
CC-AGRICULTURE ACTIVITIES,53,0,RURAL,0,GENERAL,KISAN CREDIT CARD,639200,639200,283,0,POTATO,0,SABAR KANTHA,10,0,HINDU,639200,0,132782,194,85429,2075000,AGRICULTURE - SHORT TERM,0,OTHERS,0,0,0,B,1598,0,825000,INDIVIDUAL- MALE,1266435,682000,CC,1296867,"{""member0"":""2018-06-30T00:00:00Z"",""member1"":null}",0,0,0,0,2075000,STD,0,825000,1,300000,0,0,STD,0,0,0
TL - TO AGRICULTURE,55,32445,SEMI-URBAN,38393,DATA / VALUE NOT PROVIDED,ANY OTHER,81568,81568,731,0,LIFT IRRIGATION SCHEME,2741.8165798845084,LATUR,13.5,0,HINDU,81568,0,0,309,0,75000,AGRICULTURE - LONG TERM,0,OTHERS,0,0,0,C,81568,1,120000,INDIVIDUAL- MALE,0,120000,TL,0,"{""member0"":""2018-06-30T00:00:00Z"",""member1"":null}",0,0,0,0,325000,DB3,0,120000,5,120000,0,0,DB3,250000,1,0
CC-AGRICULTURE ACTIVITIES,47,0,SEMI-URBAN,0,OBC,KISAN CREDIT CARD,105667,105667,283,0,COTTON,0,NANDED,7,0,HINDU,110645.5,0,14941,194,4985,758000,AGRICULTURE - SHORT TERM,0,FARMER,0,0,0,B,264,0,100000,INDIVIDUAL- FEMALE,0,88000,CC,79999,"{""member0"":""2018-06-30T00:00:00Z"",""member1"":null}",0,0,0,0,723894,STD,0,180000,1,100000,0,0,STD,0,0,0
TL - TO SSI,47.3604653021062,0,URBAN,248294,DATA / VALUE NOT PROVIDED,ANY OTHER,5095568,5095567,226,0,OTHER TEXTILES PRODUCTS,2741.8165798845084,KOLHAPUR,13.25,0,DATA / VALUE NOT PROVIDED,5095567,0,0,287,0,5115000,MANUFACTURING - MICRO ENTERPRISES,0,DATA / VALUE NOT PROVIDED,0,0,0,C,2038227,1,6330000,PROPRIETORSHIP,0,6330000,TL,0,"{""member0"":""2018-06-30T00:00:00Z"",""member1"":null}",0,0,0,0,11115000,DB2,0,6330000,4,6330000,0,0,DB2,6000000,1,6330000
CC - OPS,25,0,RURAL,0,ST,ANY OTHER,24187,24186.5,755,0,GENERAL MERCHANT,0,GANDHINAGAR,9.9,0,HINDU,30429.5,0,681,216,574,65000,SERVICES - MICRO ENTERPRISES,0,DATA / VALUE NOT PROVIDED,0,0,0,B,60,0,90000,INDIVIDUAL- FEMALE,6000,55000,CC,6000,"{""member0"":""2018-06-30T00:00:00Z"",""member1"":null}",0,0,0,0,51664,STD,25000,100000,1,90000,0,0,STD,0,0,0
TL - TO AGRICULTURE,47.3604653021062,163201,SEMI-URBAN,163201,DATA / VALUE NOT PROVIDED,ANY OTHER,322521,322521,838,0,OTHER PLANTATION/ ORCHARD OR OTHER CULTIVATION,2741.8165798845084,LATUR,14.5,0,HINDU,479467,0,0,339,0,450000,AGRICULTURE - SHORT TERM,0,OTHERS,0,0,0,C,322521,1,238980,INDIVIDUAL- MALE,0,238980,TL,0,"{""member0"":""2018-06-30T00:00:00Z"",""member1"":null}",0,0,0,0,672666,DB3,0,367790,5,238980,0,0,DB3,350000,1,0
CC-AGRICULTURE ACTIVITIES,42,0,RURAL,0,DATA / VALUE NOT PROVIDED,KISAN CREDIT CARD,142394,142394,283,0,BANANA,0,VADODARA,7,0,HINDU,142394,0,21132,194,4878,1100000,AGRICULTURE - SHORT TERM,0,FARMER,0,0,0,B,356,0,143000,INDIVIDUAL- MALE,448768,143000,CC,159770,"{""member0"":""2018-06-30T00:00:00Z"",""member1"":null}",0,0,0,0,1100000,STD,0,143000,1,143000,0,0,STD,0,0,0
TL - TO SSI,47.3604653021062,0,URBAN,363389,DATA / VALUE NOT PROVIDED,DATA / VALUE NOT PROVIDED,1485384,1485384,226,0,"COTTON SPINNING, WEAVING UNITS",2741.8165798845084,KOLHAPUR,12.9,0,DATA / VALUE NOT PROVIDED,1485384,0,0,287,0,5400000,MANUFACTURING - MEDIUM ENTERPRISES PS,0,DATA / VALUE NOT PROVIDED,0,0,0,C,7426,0,3927000,PROPRIETORSHIP,0,3927000,TL,0,"{""member0"":""2018-06-30T00:00:00Z"",""member1"":null}",0,0,0,0,20020000,STD,0,3927000,1,3927000,0,0,STD,14620000,0,60000000
CC-AGRICULTURE ACTIVITIES,38,0,RURAL,0,GENERAL,KISAN CREDIT CARD,300000,302079.5,283,0,COTTON,0,GANDHINAGAR,7,0,HINDU,302079.5,0,36689,194,0,300000,AGRICULTURE - SHORT TERM,2080,DATA / VALUE NOT PROVIDED,0,0,0,B,755,0,300000,INDIVIDUAL- MALE,341624,300000,CC,6118,"{""member0"":""2018-06-30T00:00:00Z"",""member1"":null}",0,0,5,0,300000,STD,0,300000,1,300000,0,0,STD,0,0,0
TL - TO AGRICULTURE,25,0,RURAL,0,DATA / VALUE NOT PROVIDED,HORTICULTURE DEVELOPMENT PROG.,2093955,2093955,471,0,OTHER PLANTATION/ ORCHARD OR OTHER CULTIVATION,2741.8165798845084,SOLAPUR,9.728205136408748,0,DATA / VALUE NOT PROVIDED,2093955,0,0,315,0,3000000,AGRICULTURE - LONG TERM,0,OTHERS,0,0,0,C,5235,0,2200000,INDIVIDUAL- MALE,0,2200000,TL,0,"{""member0"":""2018-06-30T00:00:00Z"",""member1"":null}",0,-1,0,0,6500000,STD,0,2200000,1,2200000,0,0,STD,3500000,0,0
CC-AGRICULTURE ACTIVITIES,57,0,SEMI-URBAN,0,OBC,KISAN CREDIT CARD,265266,265265.67,283,0,GROUNDNUT,0,JUNAGADH,7,0,HINDU,265265.67,0,34736,194,20826,300000,AGRICULTURE - SHORT TERM,0,FARMER,0,0,0,B,663,0,350000,INDIVIDUAL- MALE,543300,350000,CC,278200,"{""member0"":""2018-06-30T00:00:00Z"",""member1"":null}",0,102458.8109805402,0,0,900000,STD,0,350000,1,130000,0,0,STD,600000,0,0
CC-AGRICULTURE ACTIVITIES,76,0,RURAL,0,DATA / VALUE NOT PROVIDED,KISAN CREDIT CARD,98236,98236,198,0,SUGARCANE,0,KOLHAPUR,9.7,0,DATA / VALUE NOT PROVIDED,98236,0,11360,206,12950,300000,AGRICULTURE - SHORT TERM,0,DATA / VALUE NOT PROVIDED,0,0,0,B,246,0,100000,INDIVIDUAL- MALE,216888,100000,CC,109196,"{""member0"":""2018-06-30T00:00:00Z"",""member1"":null}",0,0,0,0,300000,STD,0,100000,1,100000,0,0,STD,0,0,0
CC-AGRICULTURE ACTIVITIES,50,0,RURAL,0,CASTE NOT DECLARED,KISAN CREDIT CARD,722039,722038.6,283,0,COTTON,0,SABAR KANTHA,7,0,HINDU,722038.6,0,107447,194,137376,1300000,AGRICULTURE - SHORT TERM,0,OTHERS,0,0,0,B,1805,0,800000,INDIVIDUAL- MALE,1422412,727000,CC,2053580,"{""member0"":""2018-06-30T00:00:00Z"",""member1"":null}",0,0,0,0,1300000,STD,0,800000,1,800000,0,0,STD,0,0,0
TL - TO AGRICULTURE,35,0,RURAL,229,CASTE NOT DECLARED,ANY OTHER,95130,95130,731,0,DRIP SETS,2741.8165798845084,SOLAPUR,10.5,0,OTHERS,326661.62,0,0,309,0,600000,AGRICULTURE - LONG TERM,0,DATA / VALUE NOT PROVIDED,0,0,0,C,238,0,150000,INDIVIDUAL- MALE,0,150000,TL,0,"{""member0"":""2018-06-30T00:00:00Z"",""member1"":null}",0,0,0,0,174731,STD,0,375000,1,150000,0,0,STD,0,0,0
CC-AGRICULTURE ACTIVITIES,54,0,RURAL,0,GENERAL,KISAN CREDIT CARD,281516,281516,283,0,PADDY,0,KHEDA,7,0,HINDU,281516,0,38937,194,69730,950000,AGRICULTURE - SHORT TERM,0,FARMER,0,0,0,B,704,0,300000,INDIVIDUAL- MALE,610881,290000,CC,1094921,"{""member0"":""2018-06-30T00:00:00Z"",""member1"":null}",0,0,0,0,1900000,STD,0,300000,1,300000,0,0,STD,950000,0,0
TL - - RETAIL SCHEMES,21,0,RURAL,0,DATA / VALUE NOT PROVIDED,VIDYA LAXMI,0,215076,856,0,EDU LOAN FOR ENGINEERING,2741.8165798845084,KOLHAPUR,10.95,0,DATA / VALUE NOT PROVIDED,215076,0,0,393,0,37674386.13940598,EDUCATION,215076,DATA / VALUE NOT PROVIDED,0,0,0,C,860,0,285000,INDIVIDUAL- MALE,0,285000,TL,0,"{""member0"":""2018-06-30T00:00:00Z"",""member1"":null}",0,-1,860,0,0,STD,0,285000,1,285000,254566.47300702962,8444.205467885426,STD,2035593.8648014432,0,0
TL - TO AGRICULTURE,56,0,SEMI-URBAN,0,DATA / VALUE NOT PROVIDED,DENA VEHICLE LOAN,350000,350000,618,0,OTH DIRECT AGRI FIN,2741.8165798845084,GANDHINAGAR,9.05,0,HINDU,350000,0,0,304,0,750000,AGRICULTURE - LONG TERM,0,FARMER,0,0,0,C,875,0,500000,INDIVIDUAL- MALE,0,500000,TL,0,"{""member0"":""2018-06-30T00:00:00Z"",""member1"":null}",0,0,0,0,750000,STD,0,500000,1,500000,0,0,STD,0,0,0
TL - TO SSI,47.3604653021062,0,METROPOLITAN,0,CASTE NOT DECLARED,ANY OTHER,3167796,3167796.01,819,0,WOODEN FURNITURE,2741.8165798845084,PUNE,11.45,0,OTHERS,7329656.41,0,0,286,0,14118400,SERVICES - SMALL ENTERPRISES,0,DATA / VALUE NOT PROVIDED,0,0,0,C,7919,0,3400000,PRIVATE LIMITED CO. (GENERAL),0,3399825,TL,0,"{""member0"":""2018-06-30T00:00:00Z"",""member1"":null}",0,0,0,0,98226333,STD,4533000,8950000,1,3400000,0,0,STD,21456000,0,0
CC-RETAIL,47.3604653021062,0,SEMI-URBAN,0,DATA / VALUE NOT PROVIDED,TRADE FINANCE SCHEME,0,0,779,0,BUILDING MATERIAL,0,NASHIK,9.728205136408748,0,HINDU,0,0,0,191,0,700000,SERVICES - MICRO ENTERPRISES,1,OTHERS,0,0,1356312.980403346,B,0,0,200000,PROPRIETORSHIP,0,400000,CC,18,"{""member0"":""2018-06-30T00:00:00Z"",""member1"":null}",0,0,0,0,0,STD,500000,200000,1,200000,0,0,STD,0,0,17757944.526874457
TL - - RETAIL SCHEMES,28,0,RURAL,0,GENERAL,VIDYA LAXMI,0,106493.58,181,0,EDU LOAN FOR ENGINEERING,2741.8165798845084,KOLHAPUR,10.95,0,HINDU,106493.58,0,0,388,0,37674386.13940598,EDUCATION,106494,DATA / VALUE NOT PROVIDED,0,0,0,C,426,0,147000,INDIVIDUAL- MALE,0,147000,TL,0,"{""member0"":""2018-06-30T00:00:00Z"",""member1"":null}",0,0,15974,0,0,STD,0,147000,1,147000,254566.47300702962,8444.205467885426,STD,2035593.8648014432,1,0
CC-AGRICULTURE ACTIVITIES,64,0,RURAL,0,OBC,KISAN CREDIT CARD,299383,299383,283,0,VEGETABLES-MIXED,0,GANDHINAGAR,7,0,HINDU,299383,0,40774,194,28051,400000,AGRICULTURE - SHORT TERM,0,FARMER,0,0,0,B,748,0,300000,INDIVIDUAL- MALE,641352,300000,CC,327200,"{""member0"":""2018-06-30T00:00:00Z"",""member1"":null}",0,0,0,0,400000,STD,0,300000,1,300000,0,0,STD,0,0,0
TL - - RETAIL SCHEMES,31,0,METROPOLITAN,0,GENERAL,DENA VEHICLE LOAN,47745,47745,536,0,VEHICLES – TWO WHEELER,2741.8165798845084,PUNE,11.6,0,HINDU,47745,0,0,392,0,58419,OTHER NON PRIORITY SECTOR,0,DATA / VALUE NOT PROVIDED,0,0,0,C,191,0,56550,INDIVIDUAL- MALE,0,56550,TL,0,"{""member0"":""2018-06-30T00:00:00Z"",""member1"":null}",0,-1,0,0,58419,STD,0,56550,1,56550,0,0,STD,0,0,0
CC-AGRICULTURE ACTIVITIES,47.3604653021062,0,RURAL,0,DATA / VALUE NOT PROVIDED,PROG. FOR DEV. OF WOMEN,88057,88057,206,0,LOAN FOR OTHER FARM CROPS,0,KHEDA,11.75,0,DATA / VALUE NOT PROVIDED,88057,0,20934,198,33402,100000,AGRICULTURE - SHORT TERM,0,OTHERS,0,0,0,B,220,0,100000,SHG WOMEN-DIRECT,102099,100000,CC,231447,"{""member0"":""2018-06-30T00:00:00Z"",""member1"":null}",0,0,0,0,100000,STD,0,100000,1,100000,0,0,STD,0,0,0
TL - TO SSI,33,0,RURAL,0,DATA / VALUE NOT PROVIDED,DATA / VALUE NOT PROVIDED,23148,23147.56,1077,0,PRIORITY SECTOR OTHERS,2741.8165798845084,KOLHAPUR,11.5,0,DATA / VALUE NOT PROVIDED,23147.56,0,0,718,0,50000,OTHER PRIORITY SECTOR,0,DATA / VALUE NOT PROVIDED,0,0,0,C,58,0,50000,INDIVIDUAL- MALE,0,50000,TL,0,"{""member0"":""2018-06-30T00:00:00Z"",""member1"":null}",0,0,0,0,50000,STD,0,50000,1,50000,0,0,STD,0,0,0
CC-AGRICULTURE ACTIVITIES,58,0,RURAL,0,OBC,KISAN CREDIT CARD,302705,302705,283,0,VEGETABLES-MIXED,0,GANDHINAGAR,7,0,HINDU,302705,0,12793,194,38931,400000,AGRICULTURE - SHORT TERM,0,FARMER,0,0,0,B,757,0,620000,INDIVIDUAL- MALE,393234,425000,CC,612586,"{""member0"":""2018-06-30T00:00:00Z"",""member1"":null}",0,0,0,0,400000,STD,0,620000,1,190000,0,0,STD,0,0,0
CC-AGRICULTURE ACTIVITIES,64,0,RURAL,0,GENERAL,KISAN CREDIT CARD,101184,101184,283,0,SUGARCANE,0,KOLHAPUR,7,0,HINDU,151184,0,13010,194,31237,698000,AGRICULTURE - SHORT TERM,0,OTHERS,0,0,0,B,253,0,100000,INDIVIDUAL- MALE,212345,100000,CC,488660,"{""member0"":""2018-06-30T00:00:00Z"",""member1"":null}",0,0,0,0,467155,STD,0,150000,1,100000,0,0,STD,0,0,0
